id,order_id,product_id,quantity,unit_price,unit_cost,total_price,profit
acd551a2-69ab-418e-8a13-807000b22e6f,cb26ffcd-598b-4adc-bcc1-311612506e85,269d3622-1038-41fe-9e5d-315b9e7121b0,3,150,70,450,240
a4a36ce5-52fc-474d-9c64-6183b8b0f6fb,a0f4b0f0-751a-4d7b-98ac-f55f2caa0d7c,59980d93-a5e1-41bc-83fc-c66cf028fbec,3,90,40,270,150
a9887c74-ed29-44d5-8ef0-7c4be3c6ccc8,fc0608d2-836a-4df9-be88-4902da98126b,dadd129a-b601-45f4-94a5-9abff83aab75,1,450,220,450,230
b953643c-4683-486a-8a6a-645e53dddab3,fc0608d2-836a-4df9-be88-4902da98126b,cbf3e345-fe59-463e-8740-a4aef117a187,2,1200,800,2400,800
637f04de-556c-4d4f-932e-20fc479a9c0a,fc0608d2-836a-4df9-be88-4902da98126b,dadd129a-b601-45f4-94a5-9abff83aab75,3,450,220,1350,690
08096717-9a12-49d3-aff3-0ce9bcd8abc0,69fd3655-112a-4b05-8a8c-7845ee4b635d,baf6ae6a-74ae-4ad1-98a7-4d1e077a17ee,1,130,60,130,70
7ea44bc2-23b7-4af2-a9fb-806367648bd0,69fd3655-112a-4b05-8a8c-7845ee4b635d,dadd129a-b601-45f4-94a5-9abff83aab75,2,450,220,900,460
b07609d6-e3b4-4259-8b87-7b7614906a60,7b874307-7758-447a-9427-ab0d198a62b4,78b4247b-30ae-4dc8-8158-5bd2865aabaf,2,200,90,400,220
2037ff06-a960-4792-aea3-0adb3b991afd,7b874307-7758-447a-9427-ab0d198a62b4,3ddca969-7632-4571-9574-c0e317819367,3,80,30,240,150
cf6bd493-4169-4c39-97c9-fdee069a004a,7b874307-7758-447a-9427-ab0d198a62b4,269d3622-1038-41fe-9e5d-315b9e7121b0,3,150,70,450,240
b1a9780b-ea15-4695-9474-8db459b263b5,7b874307-7758-447a-9427-ab0d198a62b4,fbac6d09-5299-43b5-90ae-7787fc248bc2,1,250,120,250,130
6b4183f7-b79b-497d-ba0a-c7034924e715,d2c64684-ec98-4951-ae04-db151048d097,78b4247b-30ae-4dc8-8158-5bd2865aabaf,1,200,90,200,110
e548545e-e12c-406c-a064-5db4a24d598b,d2c64684-ec98-4951-ae04-db151048d097,59980d93-a5e1-41bc-83fc-c66cf028fbec,1,90,40,90,50
3de66203-1cf7-44b2-b491-51eb2f7ecbaa,6f54f20b-0059-42ec-854f-982f34da8f9a,78b4247b-30ae-4dc8-8158-5bd2865aabaf,1,200,90,200,110
b596d8af-6283-4c79-9c48-1da025172040,6f54f20b-0059-42ec-854f-982f34da8f9a,78b4247b-30ae-4dc8-8158-5bd2865aabaf,1,200,90,200,110
e03e820d-9e2f-4696-b8b9-7c072cbd2f6c,e030d9f5-0838-476e-a7e4-6f49d8e9d433,baf6ae6a-74ae-4ad1-98a7-4d1e077a17ee,3,130,60,390,210
1694766e-07b1-4129-a789-0aeb3c90c8f5,2c9d92b9-9915-457c-afe2-8da41d5410ce,3ddca969-7632-4571-9574-c0e317819367,1,80,30,80,50
e2a68456-94e0-4f08-a8c2-4b88c6d1da38,6ee461ba-3f12-45d0-b0bf-aafeabbda61b,269d3622-1038-41fe-9e5d-315b9e7121b0,2,150,70,300,160
2f284e64-6c1a-4f2c-af9a-613449474e68,6ee461ba-3f12-45d0-b0bf-aafeabbda61b,3ddca969-7632-4571-9574-c0e317819367,2,80,30,160,100
e11bb3df-10e5-48df-af37-4a0e60f346c7,6ee461ba-3f12-45d0-b0bf-aafeabbda61b,cbf3e345-fe59-463e-8740-a4aef117a187,2,1200,800,2400,800
9bb0866f-782a-43b9-ac9c-7f9da521cd71,6ee461ba-3f12-45d0-b0bf-aafeabbda61b,59980d93-a5e1-41bc-83fc-c66cf028fbec,2,90,40,180,100
728376e3-4968-432c-8816-65b81da5e860,4a14de52-4f46-4875-b546-ea06c28792b1,78b4247b-30ae-4dc8-8158-5bd2865aabaf,1,200,90,200,110
4596160d-58a0-44e7-86e8-04a3fd2ff13d,4a14de52-4f46-4875-b546-ea06c28792b1,3ddca969-7632-4571-9574-c0e317819367,2,80,30,160,100
9967989f-d250-4030-b06c-6cce33eed41c,8675847b-4c72-46fd-88c1-9723872f7232,3ddca969-7632-4571-9574-c0e317819367,2,80,30,160,100
670e1f58-706f-4d06-9150-28fa6ddceb69,67de7c0c-69a7-4a6a-9148-c69ec5f672da,dadd129a-b601-45f4-94a5-9abff83aab75,1,450,220,450,230
8ba2e3c8-5538-42e5-a39c-3cf5521fe305,2080841f-87c6-44d1-8a3b-42abf09dd6f6,fbac6d09-5299-43b5-90ae-7787fc248bc2,1,250,120,250,130
25f346ac-df88-4119-a664-3908d88b86d0,2080841f-87c6-44d1-8a3b-42abf09dd6f6,78b4247b-30ae-4dc8-8158-5bd2865aabaf,1,200,90,200,110
628aa364-c344-4303-8d51-8f3e82e52130,2080841f-87c6-44d1-8a3b-42abf09dd6f6,21848c5e-ea64-4f62-b45b-d77dd9149407,2,110,45,220,130
d2f7db51-f646-4615-964a-a98d4f01c575,a6862f7a-b588-439b-af9c-e306ebd2f2fa,269d3622-1038-41fe-9e5d-315b9e7121b0,3,150,70,450,240
984a918e-0785-4e2b-a5dc-dc636e7aff8a,a6862f7a-b588-439b-af9c-e306ebd2f2fa,269d3622-1038-41fe-9e5d-315b9e7121b0,1,150,70,150,80
e558a2f6-7fa1-4875-a046-e9b86a908f62,a6862f7a-b588-439b-af9c-e306ebd2f2fa,269d3622-1038-41fe-9e5d-315b9e7121b0,2,150,70,300,160
75d992e1-bd5a-47ae-bce0-e53c68fa47be,a6862f7a-b588-439b-af9c-e306ebd2f2fa,59980d93-a5e1-41bc-83fc-c66cf028fbec,3,90,40,270,150
27e93308-3e87-49f7-8287-e3bcdc789175,f1f4e922-8108-4efd-b293-1c6909f13e95,fbac6d09-5299-43b5-90ae-7787fc248bc2,1,250,120,250,130
b892d85f-a2ce-42f5-960a-66eb02df8798,f1f4e922-8108-4efd-b293-1c6909f13e95,269d3622-1038-41fe-9e5d-315b9e7121b0,1,150,70,150,80
a71aeaf9-fd8a-41aa-abf9-313594be981f,f1f4e922-8108-4efd-b293-1c6909f13e95,21848c5e-ea64-4f62-b45b-d77dd9149407,2,110,45,220,130
89b1f201-799e-441d-a723-c1293063ec61,f1f4e922-8108-4efd-b293-1c6909f13e95,21848c5e-ea64-4f62-b45b-d77dd9149407,1,110,45,110,65
ef2e43bf-619c-442d-ba58-055de3658f40,593af9af-f25a-438f-b6f8-073e1d4c18ba,cbf3e345-fe59-463e-8740-a4aef117a187,1,1200,800,1200,400
3f2871a7-5abd-4917-bd10-226245955359,593af9af-f25a-438f-b6f8-073e1d4c18ba,dadd129a-b601-45f4-94a5-9abff83aab75,2,450,220,900,460
f733a619-ef5a-4a65-8361-9680e8dfa07d,593af9af-f25a-438f-b6f8-073e1d4c18ba,269d3622-1038-41fe-9e5d-315b9e7121b0,1,150,70,150,80
4a7ba149-4c47-4591-8e01-dd2829c18ded,27a15aac-27ad-4e30-8947-27cfaaa52224,78b4247b-30ae-4dc8-8158-5bd2865aabaf,1,200,90,200,110
7958eea1-17a9-48e2-a89c-c8ef049ba548,27a15aac-27ad-4e30-8947-27cfaaa52224,fbac6d09-5299-43b5-90ae-7787fc248bc2,3,250,120,750,390
754219c0-f0f8-490d-93a9-75250f63e4eb,27a15aac-27ad-4e30-8947-27cfaaa52224,78b4247b-30ae-4dc8-8158-5bd2865aabaf,1,200,90,200,110
72468ebd-92d3-4cec-b25b-23350f4fd41a,27a15aac-27ad-4e30-8947-27cfaaa52224,baf6ae6a-74ae-4ad1-98a7-4d1e077a17ee,1,130,60,130,70
df6e8329-aa06-4712-960e-b0e4da285896,ed05f46d-a22a-4abe-9fd9-e6d3d651a97f,dadd129a-b601-45f4-94a5-9abff83aab75,1,450,220,450,230
954c8458-5d70-4a43-89a3-147b6d2f7d04,ed05f46d-a22a-4abe-9fd9-e6d3d651a97f,21848c5e-ea64-4f62-b45b-d77dd9149407,2,110,45,220,130
f446ea5a-33df-4bcb-8de8-9dc088ff9df3,ed05f46d-a22a-4abe-9fd9-e6d3d651a97f,3ddca969-7632-4571-9574-c0e317819367,3,80,30,240,150
3db200e9-1e56-4844-b2ac-9165ff17f1f4,dc7f4202-8c0b-4129-ae8a-73e056e2fdee,fbac6d09-5299-43b5-90ae-7787fc248bc2,3,250,120,750,390
05e8c9a5-2179-449d-b47b-720e9986db95,60e640ea-b1ec-452b-b290-4bc1e16ccc42,21848c5e-ea64-4f62-b45b-d77dd9149407,3,110,45,330,195
e4ce2d7e-2696-4143-af51-84b2314b692f,60e640ea-b1ec-452b-b290-4bc1e16ccc42,78b4247b-30ae-4dc8-8158-5bd2865aabaf,1,200,90,200,110
400bdd18-619e-4cf3-9429-421ae70f85bb,60e640ea-b1ec-452b-b290-4bc1e16ccc42,21848c5e-ea64-4f62-b45b-d77dd9149407,3,110,45,330,195
03434bdb-eef5-4c6e-a165-3f2c688c54dd,f8ed2685-a7df-4554-9bf0-1835104597ed,3ddca969-7632-4571-9574-c0e317819367,1,80,30,80,50
2f2a0000-b06c-424a-80f4-82a3b2943326,f8ed2685-a7df-4554-9bf0-1835104597ed,fbac6d09-5299-43b5-90ae-7787fc248bc2,2,250,120,500,260
1a4c563a-35bd-4173-ae82-a4a4debfbcba,f8ed2685-a7df-4554-9bf0-1835104597ed,21848c5e-ea64-4f62-b45b-d77dd9149407,3,110,45,330,195
300bd0b1-1149-4567-96bb-a5fb82eb0286,f8ed2685-a7df-4554-9bf0-1835104597ed,3ddca969-7632-4571-9574-c0e317819367,3,80,30,240,150
9505c475-f27b-4eca-90d7-b12745c6d55a,1ae66a59-6219-47b7-988b-f24e433183c2,21848c5e-ea64-4f62-b45b-d77dd9149407,3,110,45,330,195
75764f99-2966-47b5-8f0d-68ad0a6e0958,1ae66a59-6219-47b7-988b-f24e433183c2,269d3622-1038-41fe-9e5d-315b9e7121b0,2,150,70,300,160
b3e71a61-f01e-4d0f-9b45-0a46fae9d63d,b35d802b-fd44-43bb-b6ee-26693e1d1fcc,269d3622-1038-41fe-9e5d-315b9e7121b0,2,150,70,300,160
9a2466a8-1616-44c0-acf7-9cbf49d7de67,b35d802b-fd44-43bb-b6ee-26693e1d1fcc,dadd129a-b601-45f4-94a5-9abff83aab75,3,450,220,1350,690
c35c01c2-aaf5-45d6-8863-6d3cce067e4e,2cb449bd-d4a1-4820-9048-21cd573e2311,cbf3e345-fe59-463e-8740-a4aef117a187,3,1200,800,3600,1200
05828c9e-de36-482c-a757-2fe4670599cc,2cb449bd-d4a1-4820-9048-21cd573e2311,baf6ae6a-74ae-4ad1-98a7-4d1e077a17ee,3,130,60,390,210
515d40f3-3140-4720-b8bc-8a382be18e95,1e28e1cd-1aa8-460e-8ee6-8a168d4feb8b,3ddca969-7632-4571-9574-c0e317819367,1,80,30,80,50
3fc75650-fdcb-4095-959a-ed8f752fe573,1e28e1cd-1aa8-460e-8ee6-8a168d4feb8b,59980d93-a5e1-41bc-83fc-c66cf028fbec,1,90,40,90,50
39488809-4704-4a30-aa8d-f25d1feda4a9,60e245de-3c82-46d8-9d7b-ccabdfeb4b11,3ddca969-7632-4571-9574-c0e317819367,3,80,30,240,150
a95f4706-52af-4867-bb0c-dc2fabb401a5,60e245de-3c82-46d8-9d7b-ccabdfeb4b11,78b4247b-30ae-4dc8-8158-5bd2865aabaf,2,200,90,400,220
2c2342eb-89ea-4914-b6e4-69419ec17c5a,3f378392-a390-4a38-8fe3-25eca7f765f2,dadd129a-b601-45f4-94a5-9abff83aab75,1,450,220,450,230
3e228a04-bde0-4ad2-bb95-41e5b3fc4dd9,3f378392-a390-4a38-8fe3-25eca7f765f2,dadd129a-b601-45f4-94a5-9abff83aab75,3,450,220,1350,690
727f1512-e0f1-4477-91a7-e75397f24391,3f378392-a390-4a38-8fe3-25eca7f765f2,baf6ae6a-74ae-4ad1-98a7-4d1e077a17ee,3,130,60,390,210
be8901bd-65d0-43e7-ab00-26b8409f42ed,b8e2e49e-58ee-4579-a7dd-e60fbaf22e7d,21848c5e-ea64-4f62-b45b-d77dd9149407,3,110,45,330,195
a118aa16-cca1-4cc1-bb34-3bd895f04d88,b8e2e49e-58ee-4579-a7dd-e60fbaf22e7d,59980d93-a5e1-41bc-83fc-c66cf028fbec,1,90,40,90,50
1eca4008-35e8-42b3-bfc1-6a385807de2e,b8e2e49e-58ee-4579-a7dd-e60fbaf22e7d,dadd129a-b601-45f4-94a5-9abff83aab75,2,450,220,900,460
81d87184-bcd9-4340-9db7-b8ceaf850ab7,b3bf8d14-3d88-4050-a4f7-73fc41ae2201,78b4247b-30ae-4dc8-8158-5bd2865aabaf,1,200,90,200,110
f83981ce-f934-436d-93aa-b1551428ff5d,b3bf8d14-3d88-4050-a4f7-73fc41ae2201,dadd129a-b601-45f4-94a5-9abff83aab75,2,450,220,900,460
a900fc4c-48fc-46d6-a3a2-e0255833542a,b3bf8d14-3d88-4050-a4f7-73fc41ae2201,cbf3e345-fe59-463e-8740-a4aef117a187,1,1200,800,1200,400
281446dc-5873-4e40-9fa6-bb11369be1cb,9d52aa7c-4682-4493-8546-9d4a1a5216ab,3ddca969-7632-4571-9574-c0e317819367,3,80,30,240,150
9004063d-b2e9-48dc-b305-57dc7b044753,9d52aa7c-4682-4493-8546-9d4a1a5216ab,cbf3e345-fe59-463e-8740-a4aef117a187,2,1200,800,2400,800
592b9fb9-9cf7-4cb8-8fe8-b888cb13cb5f,9d52aa7c-4682-4493-8546-9d4a1a5216ab,21848c5e-ea64-4f62-b45b-d77dd9149407,1,110,45,110,65
ca51cf5d-bb1e-4462-a703-bcaa636e7e24,9d52aa7c-4682-4493-8546-9d4a1a5216ab,3ddca969-7632-4571-9574-c0e317819367,3,80,30,240,150
5ba9ff21-1e3a-4d5b-ae0f-8404b50755d1,4d5345b9-4cc1-476a-b39c-cb3a0c63cc4f,dadd129a-b601-45f4-94a5-9abff83aab75,1,450,220,450,230
d22e0ae8-a9d4-4fea-8063-0ae658faffcb,851bc57a-8643-43f3-bae4-6543e0f42230,dadd129a-b601-45f4-94a5-9abff83aab75,1,450,220,450,230
80c229d0-3bdf-477f-8d65-35874dd1da7c,6fbb72c5-366a-4bc4-aa48-9d005d2d4a58,78b4247b-30ae-4dc8-8158-5bd2865aabaf,3,200,90,600,330
eb272729-2b8f-42b2-9da5-950b68da5dd4,cb9d5cb8-485a-4658-8e5d-5cda756e0fcf,21848c5e-ea64-4f62-b45b-d77dd9149407,1,110,45,110,65
9416df2e-17f4-4261-8dd2-50ad11f63526,6e7eeb23-b8a5-43fe-9c7b-3812410ea104,dadd129a-b601-45f4-94a5-9abff83aab75,2,450,220,900,460
ae5dfc29-8797-4ca0-831e-c6355ed2e859,e0e9a667-920a-4acd-a6d3-55f652a0a1dc,269d3622-1038-41fe-9e5d-315b9e7121b0,3,150,70,450,240
05db4ea7-4986-4112-ba3a-ec7737bc53f5,e0e9a667-920a-4acd-a6d3-55f652a0a1dc,59980d93-a5e1-41bc-83fc-c66cf028fbec,2,90,40,180,100
d8460678-dbf1-4944-aa0b-cbf5f39b50b9,4f39c1b7-5e1a-46e6-99dd-e4d572e1f45d,cbf3e345-fe59-463e-8740-a4aef117a187,1,1200,800,1200,400
8ae50e3a-2125-435f-b192-e3b44e04d695,4f39c1b7-5e1a-46e6-99dd-e4d572e1f45d,78b4247b-30ae-4dc8-8158-5bd2865aabaf,3,200,90,600,330
440a043c-5041-4862-b3a1-1bc497da7f0a,c1f04390-2216-4d82-8a47-44d8b2963c80,baf6ae6a-74ae-4ad1-98a7-4d1e077a17ee,1,130,60,130,70
75bbca9c-bef8-4605-8690-91d08c102a7f,5a9617f3-8ce9-4d41-9e4e-1c31bba036f1,cbf3e345-fe59-463e-8740-a4aef117a187,1,1200,800,1200,400
7905c9a8-ac7f-4f4f-84c6-28ce6d3f013c,81a48e38-9731-43df-a8f2-4cebfc81acd8,cbf3e345-fe59-463e-8740-a4aef117a187,1,1200,800,1200,400
df35b386-86f8-46b3-8934-212bd77c0e27,81a48e38-9731-43df-a8f2-4cebfc81acd8,dadd129a-b601-45f4-94a5-9abff83aab75,2,450,220,900,460
2c8012b8-eaa7-4568-bdb1-7adc639a575c,c38d02ca-4a69-4038-8cac-cbfabf5e1b82,fbac6d09-5299-43b5-90ae-7787fc248bc2,1,250,120,250,130
818def76-c321-42e3-bf0d-7914f89851b0,c38d02ca-4a69-4038-8cac-cbfabf5e1b82,269d3622-1038-41fe-9e5d-315b9e7121b0,3,150,70,450,240
14e07223-d091-4eea-abf7-9e0813d963cd,c38d02ca-4a69-4038-8cac-cbfabf5e1b82,cbf3e345-fe59-463e-8740-a4aef117a187,1,1200,800,1200,400
460d725e-f682-421f-adce-7b3b7440078a,c38d02ca-4a69-4038-8cac-cbfabf5e1b82,59980d93-a5e1-41bc-83fc-c66cf028fbec,3,90,40,270,150
0e632e38-12cf-46f4-85f2-9089e4338602,b5dc4fd0-cf45-42cc-953f-167306b811bd,21848c5e-ea64-4f62-b45b-d77dd9149407,3,110,45,330,195
4e3c4e21-6213-49ae-97c7-511a0997413c,b5dc4fd0-cf45-42cc-953f-167306b811bd,78b4247b-30ae-4dc8-8158-5bd2865aabaf,2,200,90,400,220
5b819745-cf90-4e2b-855d-2b6c1aa3c459,b5dc4fd0-cf45-42cc-953f-167306b811bd,dadd129a-b601-45f4-94a5-9abff83aab75,3,450,220,1350,690
1b5b6116-a6e1-4880-91d3-b01eed84cb21,b5dc4fd0-cf45-42cc-953f-167306b811bd,3ddca969-7632-4571-9574-c0e317819367,1,80,30,80,50
2ec327df-05cf-4661-ad4a-bd1ed2cedb09,15a39c39-0fae-49c3-a9b9-35dd8fd28645,baf6ae6a-74ae-4ad1-98a7-4d1e077a17ee,2,130,60,260,140
40145201-6057-4924-8371-18074845cccd,15a39c39-0fae-49c3-a9b9-35dd8fd28645,fbac6d09-5299-43b5-90ae-7787fc248bc2,3,250,120,750,390
e82aa6b7-f51f-4960-929c-b94ecb997aa9,2b1688df-c3dc-4ad9-84ff-c2a73c371130,59980d93-a5e1-41bc-83fc-c66cf028fbec,1,90,40,90,50
ea1d18b6-02a8-4a5d-90f2-bb8acf86547a,bdc0fa81-62b0-474f-af37-e3fd7a899b0c,3ddca969-7632-4571-9574-c0e317819367,2,80,30,160,100
379b7581-7211-4daa-8721-8a340f7f639f,bdc0fa81-62b0-474f-af37-e3fd7a899b0c,59980d93-a5e1-41bc-83fc-c66cf028fbec,1,90,40,90,50
330ce8aa-5d63-48d1-b446-86deb8b35e5f,bdc0fa81-62b0-474f-af37-e3fd7a899b0c,269d3622-1038-41fe-9e5d-315b9e7121b0,1,150,70,150,80
c194f525-0c28-44c0-ba52-23abbd205ede,bdc0fa81-62b0-474f-af37-e3fd7a899b0c,cbf3e345-fe59-463e-8740-a4aef117a187,2,1200,800,2400,800
0a9cb34a-8ce8-4231-b910-595f422490e4,c9bc671e-f3e7-471a-b9c0-b5dd6dc77f52,59980d93-a5e1-41bc-83fc-c66cf028fbec,2,90,40,180,100
43aae0ce-28f5-4647-9f64-8eebd2ff582b,c9bc671e-f3e7-471a-b9c0-b5dd6dc77f52,baf6ae6a-74ae-4ad1-98a7-4d1e077a17ee,1,130,60,130,70
141d47a3-5b7c-4c29-8a89-1dccf21d88e9,c9bc671e-f3e7-471a-b9c0-b5dd6dc77f52,cbf3e345-fe59-463e-8740-a4aef117a187,2,1200,800,2400,800
dd6e8b71-0f30-4618-8105-ffbc4a66778e,c9bc671e-f3e7-471a-b9c0-b5dd6dc77f52,59980d93-a5e1-41bc-83fc-c66cf028fbec,1,90,40,90,50
a38a30ab-2024-4845-a8f0-d004d6e7590e,19691bc6-ecbf-42fb-af49-6522e02d2def,baf6ae6a-74ae-4ad1-98a7-4d1e077a17ee,1,130,60,130,70
48c607d3-038b-4e28-ad88-5e552bf57344,19691bc6-ecbf-42fb-af49-6522e02d2def,21848c5e-ea64-4f62-b45b-d77dd9149407,3,110,45,330,195
e7b15aeb-d72b-4dc3-b4c4-927181822902,19691bc6-ecbf-42fb-af49-6522e02d2def,269d3622-1038-41fe-9e5d-315b9e7121b0,1,150,70,150,80
577cff40-55f3-4622-9e10-68ae51e5669c,d1d2cb07-ed7c-48db-99bd-13ee534415fe,cbf3e345-fe59-463e-8740-a4aef117a187,3,1200,800,3600,1200
7ea434c1-1cf2-4c36-83c8-7d75fa479905,15a9fb3d-0967-49ca-abc6-7812ff66fbd0,78b4247b-30ae-4dc8-8158-5bd2865aabaf,3,200,90,600,330
e44bfafd-a69b-4462-b659-7174757812a4,15a9fb3d-0967-49ca-abc6-7812ff66fbd0,dadd129a-b601-45f4-94a5-9abff83aab75,1,450,220,450,230
8a475227-a42a-4e6c-8bba-02682dad7c98,15a9fb3d-0967-49ca-abc6-7812ff66fbd0,59980d93-a5e1-41bc-83fc-c66cf028fbec,1,90,40,90,50
cb9a79b3-9c9b-4b43-ba8b-c499ebcf067f,15a9fb3d-0967-49ca-abc6-7812ff66fbd0,21848c5e-ea64-4f62-b45b-d77dd9149407,3,110,45,330,195
440734aa-c3b8-4f94-bc92-b88fd41d6389,44764b8a-6cf8-4196-a606-5541d2a23db5,21848c5e-ea64-4f62-b45b-d77dd9149407,2,110,45,220,130
8989f458-ca20-4974-9061-b5238bdd809d,7b61fe2c-395d-416e-9156-0c221aa6f4e1,59980d93-a5e1-41bc-83fc-c66cf028fbec,2,90,40,180,100
45b25c9b-b141-4d4b-9e71-625be7c5fc41,7b61fe2c-395d-416e-9156-0c221aa6f4e1,dadd129a-b601-45f4-94a5-9abff83aab75,3,450,220,1350,690
105c917d-1266-47eb-8ab5-2dbef7329c30,7b61fe2c-395d-416e-9156-0c221aa6f4e1,baf6ae6a-74ae-4ad1-98a7-4d1e077a17ee,3,130,60,390,210
7d9ba3c0-a1a4-4672-bb67-019bc0ed331e,4bb5b53d-fd73-4f6e-ad97-d1cf6b51784b,269d3622-1038-41fe-9e5d-315b9e7121b0,2,150,70,300,160
975af873-6c14-4fde-85cc-d54dbdc44567,c5246fda-4996-4cb4-815b-e9ff896cb180,78b4247b-30ae-4dc8-8158-5bd2865aabaf,1,200,90,200,110
34eefd15-f86f-4cc6-b11d-7e630be59619,c5246fda-4996-4cb4-815b-e9ff896cb180,59980d93-a5e1-41bc-83fc-c66cf028fbec,1,90,40,90,50
4037de9f-80c9-41ce-b6d0-390fbd63958e,c5246fda-4996-4cb4-815b-e9ff896cb180,3ddca969-7632-4571-9574-c0e317819367,2,80,30,160,100
94f5e63b-4b30-4df4-a4fa-0a3fbaeedbc0,d67366ce-2cb5-49b1-b29d-bf8f9ddb5128,3ddca969-7632-4571-9574-c0e317819367,3,80,30,240,150
b2869f0f-400b-4696-a6cc-6d14e8a066e2,d67366ce-2cb5-49b1-b29d-bf8f9ddb5128,3ddca969-7632-4571-9574-c0e317819367,1,80,30,80,50
9381ded3-a279-40a9-a150-a4d6407ee9af,c446f1e7-3cd0-4286-9125-7c29de95d8f4,baf6ae6a-74ae-4ad1-98a7-4d1e077a17ee,1,130,60,130,70
379d9bd1-e635-425a-be02-0bc2cea53579,1094a583-f650-4b55-9c80-45f5c246dde0,dadd129a-b601-45f4-94a5-9abff83aab75,1,450,220,450,230
66952afc-5510-4ffd-bfb1-a5094c536110,1094a583-f650-4b55-9c80-45f5c246dde0,78b4247b-30ae-4dc8-8158-5bd2865aabaf,1,200,90,200,110
75866885-f47a-4164-9b11-aaa6fefbedf7,1094a583-f650-4b55-9c80-45f5c246dde0,269d3622-1038-41fe-9e5d-315b9e7121b0,1,150,70,150,80
724c0f31-c612-44da-85ec-e4a9fdd09116,1094a583-f650-4b55-9c80-45f5c246dde0,fbac6d09-5299-43b5-90ae-7787fc248bc2,3,250,120,750,390
c406bc61-3e58-4567-878e-873881cb6f81,4ba77715-1979-408c-b6ad-3c6c8f70a03a,fbac6d09-5299-43b5-90ae-7787fc248bc2,3,250,120,750,390
61822c86-c12c-42bb-ab55-fe59f27d4e9a,fb02bf73-79bf-4279-b082-abb8635e2c68,fbac6d09-5299-43b5-90ae-7787fc248bc2,2,250,120,500,260
323add6e-3e92-4477-86c1-00094fcadd83,fb02bf73-79bf-4279-b082-abb8635e2c68,78b4247b-30ae-4dc8-8158-5bd2865aabaf,3,200,90,600,330
4ea32d9b-9e2d-4dea-82d6-c12d5dbf91f7,fb02bf73-79bf-4279-b082-abb8635e2c68,cbf3e345-fe59-463e-8740-a4aef117a187,3,1200,800,3600,1200
aff355a1-92a7-4c01-969a-d5d6a26a4d01,fb02bf73-79bf-4279-b082-abb8635e2c68,21848c5e-ea64-4f62-b45b-d77dd9149407,3,110,45,330,195
33e27e9d-00de-46d2-a04e-3981a62d30e4,c50f83bc-1517-49b2-9130-44b79ba538c3,dadd129a-b601-45f4-94a5-9abff83aab75,3,450,220,1350,690
7eae23b2-c739-4a0f-8258-f26ff1ea97ac,c50f83bc-1517-49b2-9130-44b79ba538c3,21848c5e-ea64-4f62-b45b-d77dd9149407,2,110,45,220,130
a8dcca7f-2806-4916-b8ab-f8a75ab3e266,c50f83bc-1517-49b2-9130-44b79ba538c3,269d3622-1038-41fe-9e5d-315b9e7121b0,1,150,70,150,80
c44914f9-1dc2-4cd7-b5f4-2e8da82a1344,c50f83bc-1517-49b2-9130-44b79ba538c3,dadd129a-b601-45f4-94a5-9abff83aab75,3,450,220,1350,690
25f8e30c-9366-48a3-9d57-6d78dbbcd97b,406cb81a-9d8c-4210-8329-2952cba57907,78b4247b-30ae-4dc8-8158-5bd2865aabaf,3,200,90,600,330
6d05861e-1ea8-4e76-801e-e6215c21386a,406cb81a-9d8c-4210-8329-2952cba57907,269d3622-1038-41fe-9e5d-315b9e7121b0,3,150,70,450,240
3ce81d36-9042-4473-8d78-42263a77ce00,8cc76cf3-1dad-4426-9522-052cc001b4e3,3ddca969-7632-4571-9574-c0e317819367,1,80,30,80,50
3ed4f9ef-7885-426c-804b-ea1fee67c4e2,8cc76cf3-1dad-4426-9522-052cc001b4e3,baf6ae6a-74ae-4ad1-98a7-4d1e077a17ee,3,130,60,390,210
90b54700-2c5c-4a09-968a-28da1f8c8eb4,8cc76cf3-1dad-4426-9522-052cc001b4e3,cbf3e345-fe59-463e-8740-a4aef117a187,1,1200,800,1200,400
1f07a0c4-8e18-4981-b75b-3b927b2e79db,b9b8bdc3-ef93-4c60-9341-04b55e3ebad4,fbac6d09-5299-43b5-90ae-7787fc248bc2,3,250,120,750,390
5bfbed79-04aa-4dcb-bf53-d0cf0d96fdc6,b9b8bdc3-ef93-4c60-9341-04b55e3ebad4,fbac6d09-5299-43b5-90ae-7787fc248bc2,2,250,120,500,260
9bc635ca-46ad-407c-8c7f-124335f0733b,88f6cc11-a53f-4f14-adb5-3cc55fb8931a,fbac6d09-5299-43b5-90ae-7787fc248bc2,2,250,120,500,260
87e5f967-7dbd-485e-98c0-ae38520d55ef,bd6822e9-884f-4c80-99ea-93a098ad0f72,3ddca969-7632-4571-9574-c0e317819367,3,80,30,240,150
64a0aa91-65a6-4268-b9f6-8665f627266f,bd6822e9-884f-4c80-99ea-93a098ad0f72,78b4247b-30ae-4dc8-8158-5bd2865aabaf,2,200,90,400,220
67b961b0-5438-4bcc-9173-ca1fb8ce022d,bd6822e9-884f-4c80-99ea-93a098ad0f72,21848c5e-ea64-4f62-b45b-d77dd9149407,1,110,45,110,65
552b1d6d-9a6f-4db2-b43e-b25e02ea5df0,bd6822e9-884f-4c80-99ea-93a098ad0f72,59980d93-a5e1-41bc-83fc-c66cf028fbec,2,90,40,180,100
d7059ef9-8ce8-4236-a786-400421614af1,10cb0dbe-b887-49e0-bdec-a92b00adff63,fbac6d09-5299-43b5-90ae-7787fc248bc2,2,250,120,500,260
9bcfa31d-405c-48cf-9f66-08686a30a7b9,ce27b797-68f0-42c3-89b4-bfbf5bf3c90a,269d3622-1038-41fe-9e5d-315b9e7121b0,3,150,70,450,240
c31262e4-3f35-427b-88f6-b0689d06b785,ce27b797-68f0-42c3-89b4-bfbf5bf3c90a,21848c5e-ea64-4f62-b45b-d77dd9149407,3,110,45,330,195
61bb5ae0-a78c-43c4-abd1-88db327cd02e,225eec1c-b7b3-41ab-ad90-d3cecdf9eeea,21848c5e-ea64-4f62-b45b-d77dd9149407,3,110,45,330,195
212f8776-07bb-4438-8e1e-e4d1c012f702,8a77e717-8ffd-432c-a2c2-325f008107f7,78b4247b-30ae-4dc8-8158-5bd2865aabaf,1,200,90,200,110
36941432-2dc1-4e95-b654-06a12f38d526,45e9f091-6eb9-47af-a13a-577fbc078282,78b4247b-30ae-4dc8-8158-5bd2865aabaf,2,200,90,400,220
51bd1859-13de-4a68-9617-69ed5d3d2cbc,55a61bdd-d8c4-4c20-ba05-a6c7fe01f336,59980d93-a5e1-41bc-83fc-c66cf028fbec,1,90,40,90,50
527cc16d-c171-45d4-b10b-dd45ded2c3f5,55a61bdd-d8c4-4c20-ba05-a6c7fe01f336,3ddca969-7632-4571-9574-c0e317819367,2,80,30,160,100
23cfad7f-a0cf-4b0a-9ff9-1bc9488e0286,856667c1-0052-4017-9d07-2a0431bd74f7,78b4247b-30ae-4dc8-8158-5bd2865aabaf,3,200,90,600,330
f1abdfb4-e3d9-47b4-a6b2-e4f3930de167,856667c1-0052-4017-9d07-2a0431bd74f7,baf6ae6a-74ae-4ad1-98a7-4d1e077a17ee,2,130,60,260,140
8dbb5782-316b-4f1c-ab86-efe8d72202f4,856667c1-0052-4017-9d07-2a0431bd74f7,78b4247b-30ae-4dc8-8158-5bd2865aabaf,3,200,90,600,330
60a7afdf-c8d7-45ab-a424-4d5c92733273,856667c1-0052-4017-9d07-2a0431bd74f7,cbf3e345-fe59-463e-8740-a4aef117a187,2,1200,800,2400,800
040e3b82-1dfb-4878-bbd6-5ef37aebc1df,56897152-bf67-41dd-be24-3c95d29667d2,3ddca969-7632-4571-9574-c0e317819367,2,80,30,160,100
0ea9f34d-3c01-4364-b4be-e2f33562468c,56897152-bf67-41dd-be24-3c95d29667d2,cbf3e345-fe59-463e-8740-a4aef117a187,2,1200,800,2400,800
caa277b2-91b8-4926-aeca-f8292a3623b2,56897152-bf67-41dd-be24-3c95d29667d2,cbf3e345-fe59-463e-8740-a4aef117a187,2,1200,800,2400,800
617e979d-fa8e-4f9f-9c2f-6adcb9ab3eb0,56897152-bf67-41dd-be24-3c95d29667d2,dadd129a-b601-45f4-94a5-9abff83aab75,2,450,220,900,460
57bf6f61-70bc-4e4b-b374-78cd010e316a,edbc4cb7-8316-43aa-99f2-2f018609da61,78b4247b-30ae-4dc8-8158-5bd2865aabaf,3,200,90,600,330
9afaa567-0f69-413e-a56f-0dc30c6a0f36,237090e7-f9ef-4b1f-95c3-6990728fa970,3ddca969-7632-4571-9574-c0e317819367,3,80,30,240,150
4b770494-34e8-416e-9896-e7adec1950de,237090e7-f9ef-4b1f-95c3-6990728fa970,78b4247b-30ae-4dc8-8158-5bd2865aabaf,1,200,90,200,110
b3665988-7f21-41b5-a9e2-a64815a00665,237090e7-f9ef-4b1f-95c3-6990728fa970,dadd129a-b601-45f4-94a5-9abff83aab75,2,450,220,900,460
271710a2-fa62-4e28-9001-9dea21f8c30f,237090e7-f9ef-4b1f-95c3-6990728fa970,21848c5e-ea64-4f62-b45b-d77dd9149407,3,110,45,330,195
2927a375-40f3-46a3-9fe1-28b8dbc51fa9,8da74aa4-2a92-424d-b2d3-a903c3608185,269d3622-1038-41fe-9e5d-315b9e7121b0,1,150,70,150,80
9233184f-c7c1-4be2-827c-43fc758e9fcd,a4ded929-1507-479d-9182-10d5152fa3b5,78b4247b-30ae-4dc8-8158-5bd2865aabaf,2,200,90,400,220
da4771de-4546-482f-b9a5-7726cfb72944,a4ded929-1507-479d-9182-10d5152fa3b5,baf6ae6a-74ae-4ad1-98a7-4d1e077a17ee,1,130,60,130,70
d0c020c4-084c-4ae6-a09c-cc07ecf341e7,5bed3a58-3167-46d2-9822-e97c4b9bf802,59980d93-a5e1-41bc-83fc-c66cf028fbec,1,90,40,90,50
0561128c-580a-4610-9a8f-b33174b1d917,94a7136f-c7a2-4ef4-99b9-219e6a6c7e7c,cbf3e345-fe59-463e-8740-a4aef117a187,1,1200,800,1200,400
5e4cfef1-b38c-48d2-8557-b620124b798a,94a7136f-c7a2-4ef4-99b9-219e6a6c7e7c,baf6ae6a-74ae-4ad1-98a7-4d1e077a17ee,3,130,60,390,210
2eea07f3-7498-47b7-99af-20c6bfb03038,94a7136f-c7a2-4ef4-99b9-219e6a6c7e7c,3ddca969-7632-4571-9574-c0e317819367,2,80,30,160,100
bc4b6db4-3aeb-4cbd-b344-afc9115c0568,b507f87c-3474-4c3c-94e0-7dff42175dfe,fbac6d09-5299-43b5-90ae-7787fc248bc2,1,250,120,250,130
dec760ba-1eca-4e84-94a1-cef5008b9f0e,efd1a399-ef9e-43c5-95f1-fe74ce6fb02f,21848c5e-ea64-4f62-b45b-d77dd9149407,2,110,45,220,130
861d2df7-3ce8-4de5-b25b-b424db4ddf33,efd1a399-ef9e-43c5-95f1-fe74ce6fb02f,dadd129a-b601-45f4-94a5-9abff83aab75,1,450,220,450,230
44f88519-8bdc-4bd3-baa4-52bff0407e76,bcb44a60-c2a2-4a4d-8799-793cb90ffd57,59980d93-a5e1-41bc-83fc-c66cf028fbec,3,90,40,270,150
bdc6230f-215a-4cfe-b242-4ec22a487632,3cec8ed0-57e9-4790-8cfc-9ab9dfa0ddc7,dadd129a-b601-45f4-94a5-9abff83aab75,1,450,220,450,230
0bac961f-7126-4255-a583-e04abef107ff,3cec8ed0-57e9-4790-8cfc-9ab9dfa0ddc7,269d3622-1038-41fe-9e5d-315b9e7121b0,2,150,70,300,160
092abad4-cb82-4e84-86e5-92d355063c6e,3cec8ed0-57e9-4790-8cfc-9ab9dfa0ddc7,cbf3e345-fe59-463e-8740-a4aef117a187,3,1200,800,3600,1200
ad61bfeb-3fd8-402e-827d-2711edb8cee5,003253f1-9c7f-4aba-b9d6-6a54d93a004e,78b4247b-30ae-4dc8-8158-5bd2865aabaf,3,200,90,600,330
b6f9ae3b-8537-49ff-91c0-2a673f19503d,2fe35afb-723e-4a79-9168-8b69c212d9fc,cbf3e345-fe59-463e-8740-a4aef117a187,2,1200,800,2400,800
7bde1fcd-a252-4f0d-aa3e-cd4241532a54,2fe35afb-723e-4a79-9168-8b69c212d9fc,cbf3e345-fe59-463e-8740-a4aef117a187,3,1200,800,3600,1200
8d7f6b16-fed6-46a7-b8f8-2482ef45d0c6,e7b41634-26cf-47d1-ab10-13a6479135fc,78b4247b-30ae-4dc8-8158-5bd2865aabaf,3,200,90,600,330
8154db2f-be47-4448-a732-96fc11537a9c,e7b41634-26cf-47d1-ab10-13a6479135fc,fbac6d09-5299-43b5-90ae-7787fc248bc2,1,250,120,250,130
52a35a65-b47c-476d-80ae-0a44d1f71539,e7b41634-26cf-47d1-ab10-13a6479135fc,baf6ae6a-74ae-4ad1-98a7-4d1e077a17ee,2,130,60,260,140
b552b97a-0524-4765-8e31-797a04a32c39,e7b41634-26cf-47d1-ab10-13a6479135fc,21848c5e-ea64-4f62-b45b-d77dd9149407,1,110,45,110,65
a5067b9c-3f6c-4ff2-ab56-5e3db308e7e3,4fbaec46-790e-459f-b03f-2de8add4daf2,269d3622-1038-41fe-9e5d-315b9e7121b0,1,150,70,150,80
734b7679-ee10-45ff-a78c-c6ef53ba8893,4fbaec46-790e-459f-b03f-2de8add4daf2,59980d93-a5e1-41bc-83fc-c66cf028fbec,2,90,40,180,100
f3deae7a-fafc-4ce6-9793-c51356e56570,4fbaec46-790e-459f-b03f-2de8add4daf2,3ddca969-7632-4571-9574-c0e317819367,1,80,30,80,50
15a661d5-0496-45d5-aa17-f4123fe3b695,779d336c-51c8-4988-aa82-1e3ff069e3c0,21848c5e-ea64-4f62-b45b-d77dd9149407,1,110,45,110,65
fed15a02-9868-481b-b956-4b4fd4f5fc9d,fa6a2dac-78f6-42be-9df1-c9c7dee57ba4,fbac6d09-5299-43b5-90ae-7787fc248bc2,2,250,120,500,260
73ba9ddb-031b-437b-be63-f08078e8ae01,fa6a2dac-78f6-42be-9df1-c9c7dee57ba4,59980d93-a5e1-41bc-83fc-c66cf028fbec,3,90,40,270,150
2a56b357-de29-4886-90fb-4dcfc41e26d6,44b456c4-d1a9-4127-a9d8-572c11594952,21848c5e-ea64-4f62-b45b-d77dd9149407,1,110,45,110,65
b0a3a94c-677b-419c-be47-b6051a781566,44b456c4-d1a9-4127-a9d8-572c11594952,3ddca969-7632-4571-9574-c0e317819367,3,80,30,240,150
2e96e8ad-d32c-463b-8b76-e2e5c0c88eb7,44b456c4-d1a9-4127-a9d8-572c11594952,fbac6d09-5299-43b5-90ae-7787fc248bc2,3,250,120,750,390
372f2a01-d0d2-4c45-b55d-e82af0714656,44b456c4-d1a9-4127-a9d8-572c11594952,fbac6d09-5299-43b5-90ae-7787fc248bc2,2,250,120,500,260
d256b800-04a8-4806-bb78-f890dc8548a7,1f352d10-6574-4079-b08f-becc9cf20509,269d3622-1038-41fe-9e5d-315b9e7121b0,3,150,70,450,240
dcba3f5a-a917-45a2-bf7b-04116f293168,1f352d10-6574-4079-b08f-becc9cf20509,59980d93-a5e1-41bc-83fc-c66cf028fbec,3,90,40,270,150
f9a1b168-e5ed-46b1-af54-cca344029014,1f352d10-6574-4079-b08f-becc9cf20509,cbf3e345-fe59-463e-8740-a4aef117a187,3,1200,800,3600,1200
75af83c1-f722-42f9-b1cf-965b69fd6579,1f352d10-6574-4079-b08f-becc9cf20509,cbf3e345-fe59-463e-8740-a4aef117a187,3,1200,800,3600,1200
1c453660-7fbb-4fe4-a6a7-2bff0d5e9f74,e73ebbe1-e5dc-4cca-8cc0-007227b3f1cc,269d3622-1038-41fe-9e5d-315b9e7121b0,2,150,70,300,160
e825f713-035c-46e7-9c8b-8503b5862326,e73ebbe1-e5dc-4cca-8cc0-007227b3f1cc,fbac6d09-5299-43b5-90ae-7787fc248bc2,1,250,120,250,130
ae911cd3-1c20-4d10-bf28-8567705be974,c6e890c6-1676-4fac-a051-4886e4da760a,21848c5e-ea64-4f62-b45b-d77dd9149407,1,110,45,110,65
c1ba2eba-0945-40ab-9da2-c135389b373a,c0f61204-7822-4a65-a2b3-e343fa590fb8,dadd129a-b601-45f4-94a5-9abff83aab75,1,450,220,450,230
0bcc60f0-ad40-4acd-a1a1-b147a9ae34a9,c0f61204-7822-4a65-a2b3-e343fa590fb8,269d3622-1038-41fe-9e5d-315b9e7121b0,1,150,70,150,80
70daf8ee-a9f4-47a9-831a-6bf6af018296,c0f61204-7822-4a65-a2b3-e343fa590fb8,59980d93-a5e1-41bc-83fc-c66cf028fbec,1,90,40,90,50
eb4f01a2-2862-4374-ac62-62ba29b9bba5,c0f61204-7822-4a65-a2b3-e343fa590fb8,3ddca969-7632-4571-9574-c0e317819367,2,80,30,160,100
559971f4-3036-44cf-a90a-389815e6af41,8721cc05-5f83-4f7e-b957-3ab4628ddcca,fbac6d09-5299-43b5-90ae-7787fc248bc2,3,250,120,750,390
21369994-8f44-4b50-b3c2-a1d1af2f8880,8721cc05-5f83-4f7e-b957-3ab4628ddcca,cbf3e345-fe59-463e-8740-a4aef117a187,1,1200,800,1200,400
3fba4dd7-f348-4d9e-983e-cbf177c76c41,0ba5354f-952f-4820-a882-c412e3c32c1b,cbf3e345-fe59-463e-8740-a4aef117a187,2,1200,800,2400,800
813570c4-45af-4352-b707-ee8354d3a0d5,0ba5354f-952f-4820-a882-c412e3c32c1b,cbf3e345-fe59-463e-8740-a4aef117a187,2,1200,800,2400,800
729675db-ce06-44b6-a3b0-e9092ed9de89,0ba5354f-952f-4820-a882-c412e3c32c1b,21848c5e-ea64-4f62-b45b-d77dd9149407,3,110,45,330,195
e8746876-22eb-4ac8-b4ac-b00f8e47acd9,0ba5354f-952f-4820-a882-c412e3c32c1b,cbf3e345-fe59-463e-8740-a4aef117a187,2,1200,800,2400,800
774d54be-33b1-471b-8ac3-b4a54b149dab,b9327c58-41b8-4aab-8220-7d4ed40d4188,dadd129a-b601-45f4-94a5-9abff83aab75,2,450,220,900,460
f6e72cc5-0645-4ad7-8a45-226e71a46f6f,b9327c58-41b8-4aab-8220-7d4ed40d4188,21848c5e-ea64-4f62-b45b-d77dd9149407,3,110,45,330,195
7d5fbd78-b85d-4a18-8ad6-9f73bc5c62d7,b9327c58-41b8-4aab-8220-7d4ed40d4188,21848c5e-ea64-4f62-b45b-d77dd9149407,3,110,45,330,195
65d7c58e-c08d-4c60-9289-7ef151e53a6c,ac1c49a1-b65a-4e4b-bf20-d78a335b4860,78b4247b-30ae-4dc8-8158-5bd2865aabaf,2,200,90,400,220
fb94f3d0-1821-4c35-bd3e-9118201a18ff,ac1c49a1-b65a-4e4b-bf20-d78a335b4860,269d3622-1038-41fe-9e5d-315b9e7121b0,3,150,70,450,240
92d2a489-80f6-4aa0-8123-0340f3a7d791,ac1c49a1-b65a-4e4b-bf20-d78a335b4860,baf6ae6a-74ae-4ad1-98a7-4d1e077a17ee,2,130,60,260,140
04ce2190-8d30-45fd-a669-fa0548470be5,8103546f-67dd-46f5-8f72-79527504cd16,3ddca969-7632-4571-9574-c0e317819367,3,80,30,240,150
857a8014-98ae-4a4e-929d-0ed23f3f8178,8103546f-67dd-46f5-8f72-79527504cd16,269d3622-1038-41fe-9e5d-315b9e7121b0,1,150,70,150,80
8a461bb4-ed00-45f1-87d0-7240d6e2f311,8103546f-67dd-46f5-8f72-79527504cd16,dadd129a-b601-45f4-94a5-9abff83aab75,3,450,220,1350,690
3d1632f0-cab1-4bcf-b5a8-4eb3884c9650,8103546f-67dd-46f5-8f72-79527504cd16,fbac6d09-5299-43b5-90ae-7787fc248bc2,1,250,120,250,130
b8344e78-2daf-4b47-8a02-933ed9df86fb,dc259452-0d9c-4e84-b116-7af1f8c0f91b,dadd129a-b601-45f4-94a5-9abff83aab75,2,450,220,900,460
18909447-5de7-4cd3-b951-b0d8c993d57b,dc259452-0d9c-4e84-b116-7af1f8c0f91b,baf6ae6a-74ae-4ad1-98a7-4d1e077a17ee,2,130,60,260,140
e292d2fc-4b87-48dc-b540-2c3c5ed607ce,dc259452-0d9c-4e84-b116-7af1f8c0f91b,fbac6d09-5299-43b5-90ae-7787fc248bc2,1,250,120,250,130
ef027cbc-c2ef-4b95-bf97-51b0bc55d069,dc259452-0d9c-4e84-b116-7af1f8c0f91b,59980d93-a5e1-41bc-83fc-c66cf028fbec,3,90,40,270,150
025b1445-ba05-4c19-adee-a563ac3816d9,4e8dc467-b009-4ae6-957c-5764d270aa93,dadd129a-b601-45f4-94a5-9abff83aab75,2,450,220,900,460
dbe084d8-50d7-4a0d-bfb7-6441bb8863fc,4e8dc467-b009-4ae6-957c-5764d270aa93,baf6ae6a-74ae-4ad1-98a7-4d1e077a17ee,3,130,60,390,210
0bd04c2a-8bb0-4807-9e08-b84837009454,4e8dc467-b009-4ae6-957c-5764d270aa93,59980d93-a5e1-41bc-83fc-c66cf028fbec,3,90,40,270,150
0057b8a0-4590-412d-877a-504f194d1400,86607a5f-9d7a-454c-b54b-172054cfdb36,cbf3e345-fe59-463e-8740-a4aef117a187,3,1200,800,3600,1200
ed4428d0-0ffc-421a-bc57-f6d9b3c08feb,9b8fa16d-43b1-420f-bc0e-ed738d0d4205,21848c5e-ea64-4f62-b45b-d77dd9149407,2,110,45,220,130
a35cd21c-91fd-4c7e-a214-018f326143df,9d85c74c-09f8-4e1d-95ee-c51ba745d8dc,269d3622-1038-41fe-9e5d-315b9e7121b0,1,150,70,150,80
3e6e9444-1a52-45e3-ad2d-23e1a2f17dd7,84676f42-190a-4644-85bf-ba058cfb4b2c,dadd129a-b601-45f4-94a5-9abff83aab75,2,450,220,900,460
a4e5280e-edce-41f4-a3bd-5f467843d08f,84676f42-190a-4644-85bf-ba058cfb4b2c,78b4247b-30ae-4dc8-8158-5bd2865aabaf,3,200,90,600,330
eab63ae6-0d09-4e76-a434-3424f70719af,5d0abde9-95b2-44b9-ac0f-0462daca5a7b,fbac6d09-5299-43b5-90ae-7787fc248bc2,3,250,120,750,390
2659fd03-ae6b-4b69-8b02-71e186e9d159,7c798a08-2b77-4492-9887-09e4b732eae7,21848c5e-ea64-4f62-b45b-d77dd9149407,1,110,45,110,65
1d47c871-32d3-4e3a-a401-06e8a2351d7a,7c798a08-2b77-4492-9887-09e4b732eae7,cbf3e345-fe59-463e-8740-a4aef117a187,3,1200,800,3600,1200
520e9efb-1056-4a89-9507-e06a2e265b48,f3ca9d0f-7e7d-4e8f-91d8-f5f9a44b6339,3ddca969-7632-4571-9574-c0e317819367,1,80,30,80,50
cf9c7585-89f0-41a1-83c6-91b76578ecab,0288a23c-2b09-4f3e-9930-aa1458ab177b,269d3622-1038-41fe-9e5d-315b9e7121b0,3,150,70,450,240
84235991-08f3-4fec-9e84-912bac8bc1ef,0288a23c-2b09-4f3e-9930-aa1458ab177b,269d3622-1038-41fe-9e5d-315b9e7121b0,3,150,70,450,240
765e8dfe-d074-474d-b281-4a1bb017190b,0288a23c-2b09-4f3e-9930-aa1458ab177b,baf6ae6a-74ae-4ad1-98a7-4d1e077a17ee,2,130,60,260,140
027b67f8-e334-4a92-8836-21f72278c813,0288a23c-2b09-4f3e-9930-aa1458ab177b,fbac6d09-5299-43b5-90ae-7787fc248bc2,1,250,120,250,130
e43e6ef8-31ec-4485-a7e0-d1bca68b39e3,72b977d3-d6df-46ad-a4cb-08131e10f137,21848c5e-ea64-4f62-b45b-d77dd9149407,2,110,45,220,130
8c32dda5-4b53-4a7f-bb10-f1c1498d1bbf,72b977d3-d6df-46ad-a4cb-08131e10f137,3ddca969-7632-4571-9574-c0e317819367,3,80,30,240,150
681e51bb-6017-4c35-a8ad-175af1fe1a75,72b977d3-d6df-46ad-a4cb-08131e10f137,baf6ae6a-74ae-4ad1-98a7-4d1e077a17ee,1,130,60,130,70
3b361f56-43f0-4a94-bf21-a91cd8f8d5f9,051f9aa1-ac42-48b2-8609-1b128455c582,59980d93-a5e1-41bc-83fc-c66cf028fbec,1,90,40,90,50
5d7d2246-aac0-4f88-b10e-b89c61891adc,051f9aa1-ac42-48b2-8609-1b128455c582,cbf3e345-fe59-463e-8740-a4aef117a187,1,1200,800,1200,400
e050ff2c-d07d-48f5-a06a-1242a91dd1de,b3f0d4e2-c1ec-43fc-8fb5-9db694f64838,fbac6d09-5299-43b5-90ae-7787fc248bc2,1,250,120,250,130
9532d8a8-d476-4c8e-902a-a5fd59ccba1b,c0d8cc3f-73ff-4136-b94b-691563c01174,3ddca969-7632-4571-9574-c0e317819367,2,80,30,160,100
bb64f4f8-4747-413f-b6f9-8c7ab563de7f,c0d8cc3f-73ff-4136-b94b-691563c01174,59980d93-a5e1-41bc-83fc-c66cf028fbec,2,90,40,180,100
532b2e9f-d1d4-4b17-8728-da964e3fe903,c0d8cc3f-73ff-4136-b94b-691563c01174,21848c5e-ea64-4f62-b45b-d77dd9149407,3,110,45,330,195
bab02d06-b1e9-4833-a513-b5167f6b40aa,c0d8cc3f-73ff-4136-b94b-691563c01174,3ddca969-7632-4571-9574-c0e317819367,1,80,30,80,50
8e439ce7-abe1-4c68-aa94-78de1a00c6c4,c412b3a7-796c-4edf-8789-5654211d082b,cbf3e345-fe59-463e-8740-a4aef117a187,2,1200,800,2400,800
d28fedbe-e245-421b-950c-a791486f6915,c412b3a7-796c-4edf-8789-5654211d082b,dadd129a-b601-45f4-94a5-9abff83aab75,1,450,220,450,230
bea87f6f-dc3b-4c19-a220-1f2814d2dff3,c412b3a7-796c-4edf-8789-5654211d082b,fbac6d09-5299-43b5-90ae-7787fc248bc2,2,250,120,500,260
2a55b90f-5b02-4eea-9298-e11c0f7edf1e,c412b3a7-796c-4edf-8789-5654211d082b,21848c5e-ea64-4f62-b45b-d77dd9149407,1,110,45,110,65
8a750c58-4e33-4a25-859b-6efd05e7d1a6,bb35b53c-b60a-452c-9e15-2e1dacf7ee11,dadd129a-b601-45f4-94a5-9abff83aab75,2,450,220,900,460
12b38699-22ff-49a5-ab04-0525ed1caa9e,bb35b53c-b60a-452c-9e15-2e1dacf7ee11,baf6ae6a-74ae-4ad1-98a7-4d1e077a17ee,2,130,60,260,140
b3c67a7d-620d-40ea-88f6-a0bd257c40a9,bb35b53c-b60a-452c-9e15-2e1dacf7ee11,269d3622-1038-41fe-9e5d-315b9e7121b0,1,150,70,150,80
74485fca-2ccc-4eae-9cb5-885d4b7084d3,bb35b53c-b60a-452c-9e15-2e1dacf7ee11,cbf3e345-fe59-463e-8740-a4aef117a187,2,1200,800,2400,800
07390183-4af2-4e1d-b877-4bdcc6515748,e68303c1-977c-4e66-8e23-6842ab1c0727,fbac6d09-5299-43b5-90ae-7787fc248bc2,1,250,120,250,130
bc53535f-3ddb-4718-91a9-2ef56e815c01,e68303c1-977c-4e66-8e23-6842ab1c0727,59980d93-a5e1-41bc-83fc-c66cf028fbec,3,90,40,270,150
6a92624f-39be-4de9-990b-dc9892d12d2d,225782da-087c-4b21-81b3-2db713b8a4fb,baf6ae6a-74ae-4ad1-98a7-4d1e077a17ee,2,130,60,260,140
52472bfa-8134-4f37-a7fa-7f0f898c84ca,225782da-087c-4b21-81b3-2db713b8a4fb,baf6ae6a-74ae-4ad1-98a7-4d1e077a17ee,2,130,60,260,140
a16e9064-413f-4385-9a3e-81ce5cdc3463,225782da-087c-4b21-81b3-2db713b8a4fb,baf6ae6a-74ae-4ad1-98a7-4d1e077a17ee,2,130,60,260,140
282fac7e-1375-4bdf-90a2-6c119a4d1466,3855ee6a-2d8f-4fbb-afa5-c600dd9cb9cb,3ddca969-7632-4571-9574-c0e317819367,3,80,30,240,150
c81b85d0-b073-4105-9f8d-a5d14d9c5826,8aa48891-c9fd-4cf2-a59b-0023b69b0c41,cbf3e345-fe59-463e-8740-a4aef117a187,1,1200,800,1200,400
870f22d1-6a40-45dd-901d-f3849c6636c2,8aa48891-c9fd-4cf2-a59b-0023b69b0c41,269d3622-1038-41fe-9e5d-315b9e7121b0,2,150,70,300,160
c54d666f-df21-481d-8193-67c47aed4bc9,683b03b6-20ce-426c-9641-ec966503ba89,fbac6d09-5299-43b5-90ae-7787fc248bc2,2,250,120,500,260
f47888e5-3fc4-4dc7-b269-a4ece1f6848c,683b03b6-20ce-426c-9641-ec966503ba89,dadd129a-b601-45f4-94a5-9abff83aab75,2,450,220,900,460
7322e954-c5d9-4803-90a6-5cc4d4255d24,ac41ea2a-e963-4809-8400-7d3607854938,cbf3e345-fe59-463e-8740-a4aef117a187,3,1200,800,3600,1200
278f956d-4a8b-43d2-8876-9574480d9079,ac41ea2a-e963-4809-8400-7d3607854938,dadd129a-b601-45f4-94a5-9abff83aab75,3,450,220,1350,690
5eb62bee-f805-4720-9827-4277807808d0,ac41ea2a-e963-4809-8400-7d3607854938,baf6ae6a-74ae-4ad1-98a7-4d1e077a17ee,1,130,60,130,70
0e4365c5-cac8-442d-8836-ca9eb9bcba67,ac41ea2a-e963-4809-8400-7d3607854938,dadd129a-b601-45f4-94a5-9abff83aab75,3,450,220,1350,690
1f6b3461-918d-4dcc-8876-c1305635a9da,4e8a83c2-d1d8-4736-91cc-b7f4afc14750,cbf3e345-fe59-463e-8740-a4aef117a187,3,1200,800,3600,1200
60eb844f-04fb-4c67-8169-cae124399dae,336d912d-525a-4475-8284-fa064de86021,21848c5e-ea64-4f62-b45b-d77dd9149407,3,110,45,330,195
f2207adf-9670-49e1-a53c-030985c99101,336d912d-525a-4475-8284-fa064de86021,fbac6d09-5299-43b5-90ae-7787fc248bc2,1,250,120,250,130
8d1313f7-2592-472e-a8fd-6f535efa49f4,336d912d-525a-4475-8284-fa064de86021,fbac6d09-5299-43b5-90ae-7787fc248bc2,1,250,120,250,130
15dd9806-ee42-412a-ad98-789f505d3ad3,52bc9f94-0cb8-4af9-8ef6-d96c9d54ce2a,59980d93-a5e1-41bc-83fc-c66cf028fbec,2,90,40,180,100
66b0b4d6-0708-4ae5-b732-e824924643c2,52bc9f94-0cb8-4af9-8ef6-d96c9d54ce2a,3ddca969-7632-4571-9574-c0e317819367,2,80,30,160,100
7efc6a14-26df-4ee7-b464-929ab72a902a,52bc9f94-0cb8-4af9-8ef6-d96c9d54ce2a,78b4247b-30ae-4dc8-8158-5bd2865aabaf,2,200,90,400,220
a77dcc4d-a7c8-4573-9158-bef0bf2c6427,52bc9f94-0cb8-4af9-8ef6-d96c9d54ce2a,baf6ae6a-74ae-4ad1-98a7-4d1e077a17ee,3,130,60,390,210
afdc3e62-48dd-43e5-89be-2edc05c56692,877f06ee-8ec6-45f6-bb82-5d33f73a3cc7,cbf3e345-fe59-463e-8740-a4aef117a187,2,1200,800,2400,800
31d00c13-31a5-4c23-a82f-1a916b8aad27,08b9a46d-8435-4191-b9aa-1a30e1a60d77,fbac6d09-5299-43b5-90ae-7787fc248bc2,3,250,120,750,390
37dd1a34-4eaa-4eba-914a-f44557f39984,08b9a46d-8435-4191-b9aa-1a30e1a60d77,3ddca969-7632-4571-9574-c0e317819367,3,80,30,240,150
1efe6115-8f2c-49a6-adf7-d97bee3dfc4c,08b9a46d-8435-4191-b9aa-1a30e1a60d77,3ddca969-7632-4571-9574-c0e317819367,1,80,30,80,50
feac7d93-19db-4f88-9529-af94fc1ebb4f,76262a0b-5e85-41d6-b121-15fc4b57ab52,59980d93-a5e1-41bc-83fc-c66cf028fbec,3,90,40,270,150
a668dec3-88b2-476b-8daf-e4aefb142488,76262a0b-5e85-41d6-b121-15fc4b57ab52,fbac6d09-5299-43b5-90ae-7787fc248bc2,1,250,120,250,130
c06cc770-3152-449f-b2c8-b5e5ed1629bf,76262a0b-5e85-41d6-b121-15fc4b57ab52,baf6ae6a-74ae-4ad1-98a7-4d1e077a17ee,3,130,60,390,210
dbda27c0-542d-4be9-a39b-ce2dafe36ce7,76262a0b-5e85-41d6-b121-15fc4b57ab52,21848c5e-ea64-4f62-b45b-d77dd9149407,1,110,45,110,65
3ca86da9-3715-4d0d-b799-68809e7057da,61f568c2-bb00-4bce-b8d5-1b50e3f91f01,dadd129a-b601-45f4-94a5-9abff83aab75,3,450,220,1350,690
fca4d467-4b38-4958-a9bc-8c6a24a03eb2,f444ce7f-bcfa-422e-a022-008de06092e6,dadd129a-b601-45f4-94a5-9abff83aab75,2,450,220,900,460
61f15338-a9b2-4310-abe1-af209fb96fe2,f444ce7f-bcfa-422e-a022-008de06092e6,59980d93-a5e1-41bc-83fc-c66cf028fbec,2,90,40,180,100
56a07729-f271-43ee-be7b-342aa208b749,f444ce7f-bcfa-422e-a022-008de06092e6,269d3622-1038-41fe-9e5d-315b9e7121b0,3,150,70,450,240
b9c4df89-f44d-47eb-992c-c5408f1dd9f5,f444ce7f-bcfa-422e-a022-008de06092e6,59980d93-a5e1-41bc-83fc-c66cf028fbec,1,90,40,90,50
382dbadb-8ece-4f0f-aae6-446206b172a1,384bab21-c212-4810-960e-6619b74b641d,59980d93-a5e1-41bc-83fc-c66cf028fbec,3,90,40,270,150
ccc65572-9ecb-4462-9682-d8cc05e9ecf3,384bab21-c212-4810-960e-6619b74b641d,78b4247b-30ae-4dc8-8158-5bd2865aabaf,2,200,90,400,220
e56e020d-a9d5-426b-a4fe-a00ec0fab24a,384bab21-c212-4810-960e-6619b74b641d,78b4247b-30ae-4dc8-8158-5bd2865aabaf,3,200,90,600,330
d3acff98-7c81-4644-acb9-680e8d51227a,d035e260-dde5-4b3c-9faf-a50ca5ae36fe,78b4247b-30ae-4dc8-8158-5bd2865aabaf,3,200,90,600,330
cd0c387e-df3d-4885-9608-2296632c6a30,d035e260-dde5-4b3c-9faf-a50ca5ae36fe,baf6ae6a-74ae-4ad1-98a7-4d1e077a17ee,3,130,60,390,210
97a29db0-bba0-408e-a8f0-362d29a10b2c,2dfac36d-c630-4515-8974-b2fa8752c1db,269d3622-1038-41fe-9e5d-315b9e7121b0,1,150,70,150,80
fc760825-14a1-4c3d-82f7-739206e777ab,2dfac36d-c630-4515-8974-b2fa8752c1db,dadd129a-b601-45f4-94a5-9abff83aab75,1,450,220,450,230
decc9e29-465c-4b0f-850f-5ab3c8d522c2,2dfac36d-c630-4515-8974-b2fa8752c1db,fbac6d09-5299-43b5-90ae-7787fc248bc2,1,250,120,250,130
db7b2c0a-f4e2-42ac-8ea7-54624106251b,355e94bb-a1b1-4f34-92db-cd34b7aa5399,cbf3e345-fe59-463e-8740-a4aef117a187,1,1200,800,1200,400
9b7303fa-fb78-4e21-a9bd-2888fb4747fc,355e94bb-a1b1-4f34-92db-cd34b7aa5399,78b4247b-30ae-4dc8-8158-5bd2865aabaf,2,200,90,400,220
edfc4bc8-9f34-410a-82c0-14b2e62f0649,355e94bb-a1b1-4f34-92db-cd34b7aa5399,21848c5e-ea64-4f62-b45b-d77dd9149407,3,110,45,330,195
579f2c26-fb94-49ec-b2d8-77d08ca6920a,355e94bb-a1b1-4f34-92db-cd34b7aa5399,dadd129a-b601-45f4-94a5-9abff83aab75,3,450,220,1350,690
bb3cd3c6-6f11-4ee3-986f-6436f8975993,cba5c08c-feb2-4480-992a-d3649cfcbe54,78b4247b-30ae-4dc8-8158-5bd2865aabaf,2,200,90,400,220
5ffca6d7-d2c6-4279-adad-2aaeff55af2a,cba5c08c-feb2-4480-992a-d3649cfcbe54,269d3622-1038-41fe-9e5d-315b9e7121b0,3,150,70,450,240
a8913559-bbbb-4e7a-8be0-f062a67b0a9f,cba5c08c-feb2-4480-992a-d3649cfcbe54,269d3622-1038-41fe-9e5d-315b9e7121b0,3,150,70,450,240
8994e87c-37d7-43a5-b950-b7e6a854da12,cba5c08c-feb2-4480-992a-d3649cfcbe54,269d3622-1038-41fe-9e5d-315b9e7121b0,2,150,70,300,160
41b2755c-9d4e-4042-aed0-9ccb6492834a,16fd52c5-2887-4063-9e39-36c70d3880a3,78b4247b-30ae-4dc8-8158-5bd2865aabaf,1,200,90,200,110
cf156cd5-66ae-4d93-8541-ee41712e8196,408964c3-5162-4e63-9d72-ed6a551e7652,cbf3e345-fe59-463e-8740-a4aef117a187,1,1200,800,1200,400
0a7cf13b-d476-40aa-83bf-30164e0205ad,408964c3-5162-4e63-9d72-ed6a551e7652,21848c5e-ea64-4f62-b45b-d77dd9149407,2,110,45,220,130
321aecb7-b056-4c64-96d4-d9d12417052c,408964c3-5162-4e63-9d72-ed6a551e7652,59980d93-a5e1-41bc-83fc-c66cf028fbec,1,90,40,90,50
6b89b6d2-0361-46d1-9dd4-0145f5a2f914,408964c3-5162-4e63-9d72-ed6a551e7652,3ddca969-7632-4571-9574-c0e317819367,1,80,30,80,50
94992b52-f3f2-47ff-86dc-2674962c48ab,2ffcad23-08cd-4d0f-90a0-7b5bd8f0a9de,269d3622-1038-41fe-9e5d-315b9e7121b0,2,150,70,300,160
38568677-a1d7-4b8e-8020-05c3af008b32,2ffcad23-08cd-4d0f-90a0-7b5bd8f0a9de,dadd129a-b601-45f4-94a5-9abff83aab75,1,450,220,450,230
3581d898-e3b4-4e1f-a6a1-8de1f6d82122,2ffcad23-08cd-4d0f-90a0-7b5bd8f0a9de,59980d93-a5e1-41bc-83fc-c66cf028fbec,2,90,40,180,100
72bb5fe4-1f21-43ae-99d7-2b45e9dee8c4,9159dff3-b7ef-437d-8df9-c5b7045f799b,78b4247b-30ae-4dc8-8158-5bd2865aabaf,1,200,90,200,110
acd370d8-0a48-4b50-89c7-9327f0ff9971,2511a547-7eea-4c62-8d53-aa1f30eec988,269d3622-1038-41fe-9e5d-315b9e7121b0,2,150,70,300,160
2e9724c7-7465-462a-aa48-70877845e21e,2511a547-7eea-4c62-8d53-aa1f30eec988,3ddca969-7632-4571-9574-c0e317819367,3,80,30,240,150
0e97a7e8-bdff-42a7-a5a5-a801b6c908ef,de033900-be01-47f1-8aa9-9fdec73a0dfe,21848c5e-ea64-4f62-b45b-d77dd9149407,1,110,45,110,65
f9bc659c-5301-4f99-98e7-4fe6418e284f,de033900-be01-47f1-8aa9-9fdec73a0dfe,baf6ae6a-74ae-4ad1-98a7-4d1e077a17ee,1,130,60,130,70
7c43d87e-5d80-4597-a029-f7c3d13b77ad,aad3f63c-6503-4d37-92f9-94e1c3031034,baf6ae6a-74ae-4ad1-98a7-4d1e077a17ee,2,130,60,260,140
c6a9f534-d388-42a5-8cbf-c07dd6750193,5aee00b5-7e7f-426a-b282-5020096f2649,269d3622-1038-41fe-9e5d-315b9e7121b0,3,150,70,450,240
18bb0c33-30f2-4a68-99c8-a95a0dbece99,5aee00b5-7e7f-426a-b282-5020096f2649,78b4247b-30ae-4dc8-8158-5bd2865aabaf,3,200,90,600,330
cea49841-4416-434f-a8a2-cb75ca35dae6,5aee00b5-7e7f-426a-b282-5020096f2649,59980d93-a5e1-41bc-83fc-c66cf028fbec,3,90,40,270,150
97089d7d-e6df-4cbe-9331-5d706e509c9f,5aee00b5-7e7f-426a-b282-5020096f2649,21848c5e-ea64-4f62-b45b-d77dd9149407,2,110,45,220,130
9299bde0-e4fa-4a3a-9e98-71219d07c22e,a37d0eff-a0b2-4915-ba61-851e26a0a45b,fbac6d09-5299-43b5-90ae-7787fc248bc2,3,250,120,750,390
0fc4ce23-5ae4-4a7b-82b8-fc0457045fef,a37d0eff-a0b2-4915-ba61-851e26a0a45b,cbf3e345-fe59-463e-8740-a4aef117a187,1,1200,800,1200,400
22f45ef9-11a5-43f4-8266-c3f3c426ff58,a37d0eff-a0b2-4915-ba61-851e26a0a45b,21848c5e-ea64-4f62-b45b-d77dd9149407,3,110,45,330,195
fe24c326-cde5-4857-b2a7-bc5a46d6c472,1cfd583d-324d-4ec8-a3a4-28927f21681f,dadd129a-b601-45f4-94a5-9abff83aab75,1,450,220,450,230
45170eec-be0b-4d62-866f-9d1fbf9b38e5,1cfd583d-324d-4ec8-a3a4-28927f21681f,269d3622-1038-41fe-9e5d-315b9e7121b0,1,150,70,150,80
32e51b66-cc67-4394-9d2b-b80c11fe7145,1cfd583d-324d-4ec8-a3a4-28927f21681f,dadd129a-b601-45f4-94a5-9abff83aab75,1,450,220,450,230
aff1993a-ef70-4b2c-974a-8d08f813155c,a5afc714-4148-4f1d-b982-80d1255c9634,dadd129a-b601-45f4-94a5-9abff83aab75,1,450,220,450,230
5be6e373-bc2d-473e-b91f-cfe8189a68b4,a5afc714-4148-4f1d-b982-80d1255c9634,dadd129a-b601-45f4-94a5-9abff83aab75,2,450,220,900,460
04c3e8dd-ecc6-4c97-8104-f30c3e29b9c7,b1493b67-e9f0-4d49-8cdc-e502529f7af9,fbac6d09-5299-43b5-90ae-7787fc248bc2,1,250,120,250,130
3710b466-6c8f-4ce2-83ca-486516acef64,b1493b67-e9f0-4d49-8cdc-e502529f7af9,21848c5e-ea64-4f62-b45b-d77dd9149407,3,110,45,330,195
77571b2f-d83c-4443-8597-c88240296bd2,b1493b67-e9f0-4d49-8cdc-e502529f7af9,fbac6d09-5299-43b5-90ae-7787fc248bc2,3,250,120,750,390
6f6689f4-9866-4675-93df-0db1b01ffc01,490f21ea-efdd-4487-b19a-1d33b1359166,3ddca969-7632-4571-9574-c0e317819367,2,80,30,160,100
65771ff7-5f8b-46a8-a21c-dbaa5e17bff8,a6e12aac-fba8-43db-b2ab-5a9fc953fb19,baf6ae6a-74ae-4ad1-98a7-4d1e077a17ee,3,130,60,390,210
a6b328de-cd9b-4221-a33e-685fdead03db,bbabdb8f-1d70-4bb3-b12d-aca4545219f3,dadd129a-b601-45f4-94a5-9abff83aab75,3,450,220,1350,690
b1b8c1ff-bc4b-4915-8be1-9f399ff05e64,c824a36c-ef59-4b16-844e-953e7f37fe5f,dadd129a-b601-45f4-94a5-9abff83aab75,1,450,220,450,230
691f49e3-06fd-46c2-ba8c-2848575f6c20,c824a36c-ef59-4b16-844e-953e7f37fe5f,21848c5e-ea64-4f62-b45b-d77dd9149407,2,110,45,220,130
d3772098-3e35-4e9e-9d8c-528bff0a1f47,65e50352-2791-4586-a616-f2d276e53a4e,78b4247b-30ae-4dc8-8158-5bd2865aabaf,1,200,90,200,110
249dffc9-60f3-46c0-b1b6-7ac59f743fe5,65e50352-2791-4586-a616-f2d276e53a4e,cbf3e345-fe59-463e-8740-a4aef117a187,1,1200,800,1200,400
c1c052a2-4eb3-4bfb-b0ce-c73aa1eb61b8,a6453e7b-b4c9-450f-b612-58190f6dad51,baf6ae6a-74ae-4ad1-98a7-4d1e077a17ee,1,130,60,130,70
cdf57ab7-f7d8-4e0b-aa84-d9e4e1e2ea40,6f75f1b7-3091-4faf-87b9-9a3adbb55ece,cbf3e345-fe59-463e-8740-a4aef117a187,1,1200,800,1200,400
c653342b-d467-48d2-9af3-94ca2658311b,179a462a-c504-4c51-9989-a2c0ec59f911,78b4247b-30ae-4dc8-8158-5bd2865aabaf,2,200,90,400,220
49046783-7152-4827-9e2a-5ec9511b8db6,179a462a-c504-4c51-9989-a2c0ec59f911,269d3622-1038-41fe-9e5d-315b9e7121b0,2,150,70,300,160
5568c597-a156-4f49-aaa9-af6feeb5688d,88fe7d9d-60de-4f62-9408-5abef0782c28,baf6ae6a-74ae-4ad1-98a7-4d1e077a17ee,1,130,60,130,70
3d093cbd-a700-48a0-9f1b-e293b4943cb7,f911f31f-8036-462c-b302-0168f23e768f,dadd129a-b601-45f4-94a5-9abff83aab75,2,450,220,900,460
a590e601-33a6-4b97-ba56-3ac13a16422b,f911f31f-8036-462c-b302-0168f23e768f,59980d93-a5e1-41bc-83fc-c66cf028fbec,3,90,40,270,150
ed0bbd57-24df-4cbf-9179-bc415bb58d34,f911f31f-8036-462c-b302-0168f23e768f,fbac6d09-5299-43b5-90ae-7787fc248bc2,2,250,120,500,260
3554f88c-83c6-46a5-a924-84e596aa15dd,ae66ca03-3d24-4820-a83d-7f35c457eb20,78b4247b-30ae-4dc8-8158-5bd2865aabaf,2,200,90,400,220
f92edde3-cb53-4875-946b-983f06ee8ead,9a615605-381d-4cd2-8433-13c5ab548341,78b4247b-30ae-4dc8-8158-5bd2865aabaf,3,200,90,600,330
960e8bed-94c1-4034-9353-416e7c73a7bd,aaec5588-d867-4ee4-b327-283d934f6a38,3ddca969-7632-4571-9574-c0e317819367,1,80,30,80,50
ba8aebc7-bd80-4d3f-a7e8-1c694b8e8c3e,aaec5588-d867-4ee4-b327-283d934f6a38,21848c5e-ea64-4f62-b45b-d77dd9149407,3,110,45,330,195
ddad98dc-27b6-48cc-92b5-71c1c755693d,aaec5588-d867-4ee4-b327-283d934f6a38,dadd129a-b601-45f4-94a5-9abff83aab75,3,450,220,1350,690
939ef828-892a-4271-9518-a68211df74c4,aaec5588-d867-4ee4-b327-283d934f6a38,3ddca969-7632-4571-9574-c0e317819367,2,80,30,160,100
51b50f92-4a0a-491c-bc9d-95915f631110,6142c3c1-07ca-46c3-a8c1-d1d3623fc6f8,3ddca969-7632-4571-9574-c0e317819367,2,80,30,160,100
171aaf0a-f734-4cd1-acee-80b26f43bff6,6142c3c1-07ca-46c3-a8c1-d1d3623fc6f8,baf6ae6a-74ae-4ad1-98a7-4d1e077a17ee,3,130,60,390,210
7a9fe56f-99e6-4821-9a57-87aa60fbc841,6142c3c1-07ca-46c3-a8c1-d1d3623fc6f8,21848c5e-ea64-4f62-b45b-d77dd9149407,2,110,45,220,130
b218e493-b8b8-4858-9c8e-589666efd5fe,34e47a91-4373-4f07-a4a8-646491348dfc,78b4247b-30ae-4dc8-8158-5bd2865aabaf,1,200,90,200,110
4cde9983-b2bb-46e7-a373-1676936c0671,34e47a91-4373-4f07-a4a8-646491348dfc,dadd129a-b601-45f4-94a5-9abff83aab75,1,450,220,450,230
8d87067f-d970-42b2-998c-7b67dbb7f81e,34e47a91-4373-4f07-a4a8-646491348dfc,21848c5e-ea64-4f62-b45b-d77dd9149407,2,110,45,220,130
eb77d94f-ffc7-49b3-a9f8-3f15c13943d7,7b55af6e-838f-4b6f-9891-fb6ae9d4d10d,269d3622-1038-41fe-9e5d-315b9e7121b0,3,150,70,450,240
0a0f7cb9-0bfc-41ae-bac0-def6594d6645,7b55af6e-838f-4b6f-9891-fb6ae9d4d10d,dadd129a-b601-45f4-94a5-9abff83aab75,2,450,220,900,460
236bac55-92ab-4aa0-837b-5cb24b79976c,7b55af6e-838f-4b6f-9891-fb6ae9d4d10d,78b4247b-30ae-4dc8-8158-5bd2865aabaf,1,200,90,200,110
76176d68-2be1-4039-af63-ee036f8978be,7b55af6e-838f-4b6f-9891-fb6ae9d4d10d,cbf3e345-fe59-463e-8740-a4aef117a187,2,1200,800,2400,800
9450f318-9a81-4593-9392-01011941a7e4,5cf7160c-e13f-4c8a-bddb-60a5d36422aa,21848c5e-ea64-4f62-b45b-d77dd9149407,1,110,45,110,65
bdbc0740-eca3-427c-84e2-c61f1e4c6113,5cf7160c-e13f-4c8a-bddb-60a5d36422aa,baf6ae6a-74ae-4ad1-98a7-4d1e077a17ee,1,130,60,130,70
69ef6566-8608-45df-aa21-dc6c7dc529b0,bfa0cb9f-7690-4c24-b89e-e7b43db5f1c9,78b4247b-30ae-4dc8-8158-5bd2865aabaf,2,200,90,400,220
b304006e-628e-4238-a182-058c205ae5af,bfa0cb9f-7690-4c24-b89e-e7b43db5f1c9,cbf3e345-fe59-463e-8740-a4aef117a187,3,1200,800,3600,1200
21585f78-5caa-4d56-b2ea-1a33b8331bae,c9e09c6d-0f6a-4f98-b5b3-ce362bd49f9e,3ddca969-7632-4571-9574-c0e317819367,1,80,30,80,50
9ca2826b-c333-422c-b633-613615491f18,ab34193c-b25f-4712-af4f-b5f035205180,dadd129a-b601-45f4-94a5-9abff83aab75,1,450,220,450,230
2bf64964-6086-4102-83f7-0f05317b2a32,711780d7-b8af-4006-944f-b6b65bafd9a5,3ddca969-7632-4571-9574-c0e317819367,1,80,30,80,50
121f5750-b3f7-4bfa-bc10-ee01f672ffbb,711780d7-b8af-4006-944f-b6b65bafd9a5,78b4247b-30ae-4dc8-8158-5bd2865aabaf,3,200,90,600,330
26d972ea-030c-4ae5-921d-d7bd0c983152,711780d7-b8af-4006-944f-b6b65bafd9a5,3ddca969-7632-4571-9574-c0e317819367,3,80,30,240,150
484be146-5694-45f5-8861-fa07b19a92b3,711780d7-b8af-4006-944f-b6b65bafd9a5,cbf3e345-fe59-463e-8740-a4aef117a187,2,1200,800,2400,800
146e661c-8ced-4e85-a386-24dcc5b3c23b,93415841-f621-4cf9-9ee4-9b09e6077388,59980d93-a5e1-41bc-83fc-c66cf028fbec,1,90,40,90,50
e34de035-da40-4712-aaee-ff637a03d7de,f035f086-0eed-441e-b07a-868c2821b298,3ddca969-7632-4571-9574-c0e317819367,3,80,30,240,150
5d5033da-416b-4a14-8890-e7c0473981e3,06817506-702f-40d9-ab2e-79e4cf4fca5e,baf6ae6a-74ae-4ad1-98a7-4d1e077a17ee,3,130,60,390,210
490a6bb4-2026-460b-810c-7390d0e35b2e,dd5c03f1-ce3c-43f5-ab3f-7da59f4c241d,269d3622-1038-41fe-9e5d-315b9e7121b0,3,150,70,450,240
953e525a-a70e-47da-9b50-e98044d35b71,dd5c03f1-ce3c-43f5-ab3f-7da59f4c241d,fbac6d09-5299-43b5-90ae-7787fc248bc2,3,250,120,750,390
db34bc09-bbf7-4b64-bc7a-38ee19c4b01d,dd5c03f1-ce3c-43f5-ab3f-7da59f4c241d,269d3622-1038-41fe-9e5d-315b9e7121b0,1,150,70,150,80
6257bec1-635f-49a4-bc44-388ce6eba6f5,f2e24ed2-52f2-4c30-8b71-fcb889041603,269d3622-1038-41fe-9e5d-315b9e7121b0,1,150,70,150,80
ed5f251c-0df1-4769-a37d-f0859985d4b4,f2e24ed2-52f2-4c30-8b71-fcb889041603,dadd129a-b601-45f4-94a5-9abff83aab75,2,450,220,900,460
f04ae72c-b4a1-475e-b04b-8d3d419d52ce,f2e24ed2-52f2-4c30-8b71-fcb889041603,dadd129a-b601-45f4-94a5-9abff83aab75,3,450,220,1350,690
792f6135-91a4-41b1-9c34-c9b40da5c913,f2e24ed2-52f2-4c30-8b71-fcb889041603,59980d93-a5e1-41bc-83fc-c66cf028fbec,1,90,40,90,50
25219a86-142a-460f-be51-11acabe33f4c,eadadd82-4446-4e8e-8945-da69c26c712e,cbf3e345-fe59-463e-8740-a4aef117a187,3,1200,800,3600,1200
4983efed-5895-42f0-871a-4fe3b9a1bc48,eadadd82-4446-4e8e-8945-da69c26c712e,baf6ae6a-74ae-4ad1-98a7-4d1e077a17ee,1,130,60,130,70
4470d234-b98a-40d3-ba38-d5d11310525e,eadadd82-4446-4e8e-8945-da69c26c712e,dadd129a-b601-45f4-94a5-9abff83aab75,2,450,220,900,460
d127a0ba-748a-4d83-b4f9-a3690efbecbf,eadadd82-4446-4e8e-8945-da69c26c712e,21848c5e-ea64-4f62-b45b-d77dd9149407,1,110,45,110,65
48eadf55-03a4-4848-98a0-da8c915d153e,73d30462-a703-4751-913a-0c830385026d,269d3622-1038-41fe-9e5d-315b9e7121b0,3,150,70,450,240
32ef81dc-5c52-4b5a-8ae4-72bc10d286ad,73d30462-a703-4751-913a-0c830385026d,dadd129a-b601-45f4-94a5-9abff83aab75,3,450,220,1350,690
cec0401a-ecb3-4b5a-ab59-5aa0f595381d,73d30462-a703-4751-913a-0c830385026d,dadd129a-b601-45f4-94a5-9abff83aab75,2,450,220,900,460
6e3e1ca1-2f5f-4d76-9ba3-c6ba473928d9,6907bbf5-d9d2-407e-9c5e-33a7b567f77c,59980d93-a5e1-41bc-83fc-c66cf028fbec,3,90,40,270,150
2e875d83-a325-412e-8dce-aab796b073c8,6907bbf5-d9d2-407e-9c5e-33a7b567f77c,baf6ae6a-74ae-4ad1-98a7-4d1e077a17ee,3,130,60,390,210
18278834-a110-4bbe-914d-88ada97a77ca,6907bbf5-d9d2-407e-9c5e-33a7b567f77c,baf6ae6a-74ae-4ad1-98a7-4d1e077a17ee,2,130,60,260,140
d7baad25-6d38-4ec8-994b-25097531147c,6907bbf5-d9d2-407e-9c5e-33a7b567f77c,21848c5e-ea64-4f62-b45b-d77dd9149407,3,110,45,330,195
2cbbe5da-4c97-4b0f-89bd-519c3ecc8bd0,60b370c0-c3ce-4020-ac7a-8a6e3ab389e2,3ddca969-7632-4571-9574-c0e317819367,2,80,30,160,100
b841a289-160e-47db-8172-8057148d0745,60b370c0-c3ce-4020-ac7a-8a6e3ab389e2,59980d93-a5e1-41bc-83fc-c66cf028fbec,2,90,40,180,100
c8db3676-e508-468a-baa0-2db9241c562f,c0b31d68-9478-49c7-bd96-6549f4008f4c,baf6ae6a-74ae-4ad1-98a7-4d1e077a17ee,2,130,60,260,140
e1a7ee63-5794-45b7-9aeb-0fb0b9be6d74,c0b31d68-9478-49c7-bd96-6549f4008f4c,fbac6d09-5299-43b5-90ae-7787fc248bc2,2,250,120,500,260
eadefde7-c757-4fbd-ab76-0ce4551fe3b4,1d615d0a-bd54-400f-a756-78b6fa46e2e0,fbac6d09-5299-43b5-90ae-7787fc248bc2,3,250,120,750,390
51d6f526-eeba-4b98-9666-56e7da22d3af,1d615d0a-bd54-400f-a756-78b6fa46e2e0,269d3622-1038-41fe-9e5d-315b9e7121b0,3,150,70,450,240
2940414a-f2d7-490a-a6eb-66f2853be13b,1d615d0a-bd54-400f-a756-78b6fa46e2e0,59980d93-a5e1-41bc-83fc-c66cf028fbec,2,90,40,180,100
609643f0-78d7-4ec4-adce-28a2d489261b,8e1d1276-6800-4d61-a2f7-f42157fc14d9,dadd129a-b601-45f4-94a5-9abff83aab75,1,450,220,450,230
94aa0ab3-bdbd-4644-a5f6-ae7c7684599a,8e1d1276-6800-4d61-a2f7-f42157fc14d9,3ddca969-7632-4571-9574-c0e317819367,2,80,30,160,100
5ea12c52-a106-4001-9647-e66236984e02,8e1d1276-6800-4d61-a2f7-f42157fc14d9,269d3622-1038-41fe-9e5d-315b9e7121b0,2,150,70,300,160
77edf3f0-7237-45cc-9e21-6732ecd2270c,8e1d1276-6800-4d61-a2f7-f42157fc14d9,cbf3e345-fe59-463e-8740-a4aef117a187,1,1200,800,1200,400
5883f232-2297-428d-99ab-debbed1d2625,247a6ef6-5962-437c-8b78-74f0059d6c98,dadd129a-b601-45f4-94a5-9abff83aab75,3,450,220,1350,690
93dcb2e0-6428-4812-84da-83fa9e385afe,247a6ef6-5962-437c-8b78-74f0059d6c98,3ddca969-7632-4571-9574-c0e317819367,3,80,30,240,150
9b321f68-f45c-41c2-8e91-05cca3928d15,8b53d419-6519-40e5-af99-cca5e32cca1a,3ddca969-7632-4571-9574-c0e317819367,2,80,30,160,100
b86f6492-3bc4-4719-980d-47220f2f333c,8b53d419-6519-40e5-af99-cca5e32cca1a,78b4247b-30ae-4dc8-8158-5bd2865aabaf,3,200,90,600,330
d6e4c9a5-0271-416c-9956-8eec0bef11f5,8b53d419-6519-40e5-af99-cca5e32cca1a,3ddca969-7632-4571-9574-c0e317819367,2,80,30,160,100
23701f73-6025-4a99-9a20-6940aeef03e6,bb22d00a-caab-48e5-b6ce-985151554c75,dadd129a-b601-45f4-94a5-9abff83aab75,2,450,220,900,460
ba11f681-77f0-430d-95fb-e65b7ff1622c,bb22d00a-caab-48e5-b6ce-985151554c75,269d3622-1038-41fe-9e5d-315b9e7121b0,3,150,70,450,240
a42e1da7-1b99-464a-a633-90165d13865f,bb22d00a-caab-48e5-b6ce-985151554c75,dadd129a-b601-45f4-94a5-9abff83aab75,2,450,220,900,460
6ed8253a-1258-408a-b7cd-79dd8d8eb698,bb22d00a-caab-48e5-b6ce-985151554c75,78b4247b-30ae-4dc8-8158-5bd2865aabaf,2,200,90,400,220
ef4cdae7-c3d7-4482-9331-390b320f62c4,90b76066-3d3e-417d-bc51-0188529c1600,baf6ae6a-74ae-4ad1-98a7-4d1e077a17ee,1,130,60,130,70
52da189c-f488-4c01-a480-12739f4f9138,70242b63-7f29-4443-879c-8ab037c227d0,dadd129a-b601-45f4-94a5-9abff83aab75,3,450,220,1350,690
3e0677b4-e7af-4222-84e1-64586b00860d,70242b63-7f29-4443-879c-8ab037c227d0,fbac6d09-5299-43b5-90ae-7787fc248bc2,3,250,120,750,390
2614dbf1-13b1-4ab3-8fc3-19ef3008be39,70242b63-7f29-4443-879c-8ab037c227d0,baf6ae6a-74ae-4ad1-98a7-4d1e077a17ee,3,130,60,390,210
dd40027c-4e52-4d12-9ec6-60e17fd5777d,6631e35a-e5c5-4be8-a909-9bb1a4a6ca36,21848c5e-ea64-4f62-b45b-d77dd9149407,1,110,45,110,65
1dde7ce3-19e0-4bd6-84b4-6bebf5c0d8eb,6631e35a-e5c5-4be8-a909-9bb1a4a6ca36,3ddca969-7632-4571-9574-c0e317819367,3,80,30,240,150
a1ff4395-e2ea-4fbc-ae99-63a08ac14835,a134e2fb-d06b-4aff-b1b3-de5d29c350ac,3ddca969-7632-4571-9574-c0e317819367,3,80,30,240,150
00e9e19a-140b-48c7-a0a5-5ece37fe096f,a134e2fb-d06b-4aff-b1b3-de5d29c350ac,78b4247b-30ae-4dc8-8158-5bd2865aabaf,3,200,90,600,330
3edb3d6a-584c-42cb-a0fa-2e37f680325d,a134e2fb-d06b-4aff-b1b3-de5d29c350ac,3ddca969-7632-4571-9574-c0e317819367,1,80,30,80,50
0631b39b-84ff-4179-91fb-e3acb7f5675b,f96fc50f-a3af-4f8e-9639-fe2686394fbc,78b4247b-30ae-4dc8-8158-5bd2865aabaf,3,200,90,600,330
ef1dddd9-a9ac-4f3a-ad36-4ed857074e3a,f96fc50f-a3af-4f8e-9639-fe2686394fbc,59980d93-a5e1-41bc-83fc-c66cf028fbec,1,90,40,90,50
5e7a59b0-69de-42d8-817e-f95815ad49a4,f96fc50f-a3af-4f8e-9639-fe2686394fbc,fbac6d09-5299-43b5-90ae-7787fc248bc2,2,250,120,500,260
03f574f0-9f34-4a60-b3e9-040bdeafb189,f96fc50f-a3af-4f8e-9639-fe2686394fbc,3ddca969-7632-4571-9574-c0e317819367,1,80,30,80,50
afcda878-299c-44e4-8e03-ff02d4bd6f27,ab7fe081-4a5d-434a-b7ec-cd9c25b6945f,dadd129a-b601-45f4-94a5-9abff83aab75,3,450,220,1350,690
313af06e-71b0-46e0-8a97-e5a6aa24d0c6,ab7fe081-4a5d-434a-b7ec-cd9c25b6945f,78b4247b-30ae-4dc8-8158-5bd2865aabaf,2,200,90,400,220
12f247d0-7b78-47d5-931d-9baf8f0fb560,ab7fe081-4a5d-434a-b7ec-cd9c25b6945f,59980d93-a5e1-41bc-83fc-c66cf028fbec,2,90,40,180,100
9531cf5f-81ec-42f4-9647-087d70b21036,be74176b-44f2-413c-9adb-d02eb0fcfbf7,dadd129a-b601-45f4-94a5-9abff83aab75,3,450,220,1350,690
8367f953-075c-4d19-833f-2c6c6cac86f3,be74176b-44f2-413c-9adb-d02eb0fcfbf7,21848c5e-ea64-4f62-b45b-d77dd9149407,2,110,45,220,130
849d6fac-b8ca-480f-b462-29b77ea17ab2,be74176b-44f2-413c-9adb-d02eb0fcfbf7,fbac6d09-5299-43b5-90ae-7787fc248bc2,2,250,120,500,260
95b4b07a-ba0a-4eb8-ad00-d65354127335,be74176b-44f2-413c-9adb-d02eb0fcfbf7,baf6ae6a-74ae-4ad1-98a7-4d1e077a17ee,2,130,60,260,140
b45424e1-140d-40f1-b2cf-1b3f37533a0d,ff9029ba-ebc2-404a-aaa8-c0882c95867c,78b4247b-30ae-4dc8-8158-5bd2865aabaf,2,200,90,400,220
a9718935-88d5-48d0-8224-7c7646f9ab4c,ff9029ba-ebc2-404a-aaa8-c0882c95867c,dadd129a-b601-45f4-94a5-9abff83aab75,1,450,220,450,230
5a782b9d-b8f3-4085-b21d-6029e2d44846,e3f1fa43-d8e8-4b58-a0dd-3e82f5ab3a68,59980d93-a5e1-41bc-83fc-c66cf028fbec,1,90,40,90,50
507b3ba0-9234-4900-8776-5bffd3826975,e3f1fa43-d8e8-4b58-a0dd-3e82f5ab3a68,baf6ae6a-74ae-4ad1-98a7-4d1e077a17ee,3,130,60,390,210
10bfb2ff-b634-4413-9411-788ae19fe339,e3f1fa43-d8e8-4b58-a0dd-3e82f5ab3a68,fbac6d09-5299-43b5-90ae-7787fc248bc2,2,250,120,500,260
ef8607d4-abd7-4c53-bf1f-45c6e54aa3aa,5ed919fc-1164-4915-b4b3-28f8397a429d,21848c5e-ea64-4f62-b45b-d77dd9149407,1,110,45,110,65
ff46bef8-f087-47a0-a566-1d7c5f991178,5ed919fc-1164-4915-b4b3-28f8397a429d,dadd129a-b601-45f4-94a5-9abff83aab75,1,450,220,450,230
0ec2fdbd-8afc-475b-a0d4-35852d8e2a30,002cdbfc-177b-436b-a0ae-1a2a748fb09b,3ddca969-7632-4571-9574-c0e317819367,1,80,30,80,50
c8e7c9c5-1222-4624-aa51-d82d8765fbc9,73738a39-fa75-4662-bd92-07ade2ccdd0d,dadd129a-b601-45f4-94a5-9abff83aab75,3,450,220,1350,690
a9557fda-3830-4ca2-9951-0a6b92976eb7,73738a39-fa75-4662-bd92-07ade2ccdd0d,78b4247b-30ae-4dc8-8158-5bd2865aabaf,3,200,90,600,330
492d0456-b274-45e4-a63f-0f6f7ec90865,73738a39-fa75-4662-bd92-07ade2ccdd0d,78b4247b-30ae-4dc8-8158-5bd2865aabaf,1,200,90,200,110
60717503-8cbb-414c-a331-c05cb3125d1c,d6525e9f-682a-41af-9543-c01532a72dc6,baf6ae6a-74ae-4ad1-98a7-4d1e077a17ee,1,130,60,130,70
ebe0b2fb-048e-4ad6-a5e0-9e61b025370c,d6525e9f-682a-41af-9543-c01532a72dc6,59980d93-a5e1-41bc-83fc-c66cf028fbec,1,90,40,90,50
1e21051e-0902-4744-89ca-c54e671f0f23,0e05c037-4790-4a6c-ab34-fdd85188ece7,78b4247b-30ae-4dc8-8158-5bd2865aabaf,2,200,90,400,220
1fe42201-5907-4832-a362-f02553047189,31753859-3058-4b9f-bb27-479466f5a1bb,21848c5e-ea64-4f62-b45b-d77dd9149407,3,110,45,330,195
f386f1d8-90a9-4456-8f7f-ed09ac68d513,31753859-3058-4b9f-bb27-479466f5a1bb,78b4247b-30ae-4dc8-8158-5bd2865aabaf,1,200,90,200,110
ed4dccb6-9e2d-4e7d-9729-ae3ddc214cae,31753859-3058-4b9f-bb27-479466f5a1bb,dadd129a-b601-45f4-94a5-9abff83aab75,1,450,220,450,230
d64ba7b9-87c6-4982-9892-23b486d5a8a1,31753859-3058-4b9f-bb27-479466f5a1bb,269d3622-1038-41fe-9e5d-315b9e7121b0,2,150,70,300,160
4fa1742b-fa85-44cb-a2fd-0b75f6433ad4,13ca1ecf-e98c-4831-ac1b-1af7483dfa76,21848c5e-ea64-4f62-b45b-d77dd9149407,3,110,45,330,195
8c8e6c1e-eadb-4309-b08d-d2fd74d9e342,13ca1ecf-e98c-4831-ac1b-1af7483dfa76,dadd129a-b601-45f4-94a5-9abff83aab75,1,450,220,450,230
c7bf71bb-6b02-4abc-bf83-e540bba2983b,99df2021-715c-4f34-ae97-b3cd8e4859a9,78b4247b-30ae-4dc8-8158-5bd2865aabaf,3,200,90,600,330
12bb5d6c-4c16-498d-bad2-6677e2e330d8,e6e7ec9f-b137-4889-bcae-5573e17dc1aa,21848c5e-ea64-4f62-b45b-d77dd9149407,1,110,45,110,65
2e3b3935-0227-49b0-b34f-a62edea219fe,e6e7ec9f-b137-4889-bcae-5573e17dc1aa,21848c5e-ea64-4f62-b45b-d77dd9149407,3,110,45,330,195
04254e91-5336-4e1e-b70b-45131cd17f19,e6e7ec9f-b137-4889-bcae-5573e17dc1aa,cbf3e345-fe59-463e-8740-a4aef117a187,2,1200,800,2400,800
7ddee296-4e49-4899-958a-ecd1e60dce40,efe4187c-36f7-4e05-a796-940a3d1a6d06,baf6ae6a-74ae-4ad1-98a7-4d1e077a17ee,3,130,60,390,210
0e533cb2-9601-46e0-8c00-395e4b733482,f8792fe9-914d-4514-b76d-6757227ec3c5,78b4247b-30ae-4dc8-8158-5bd2865aabaf,1,200,90,200,110
5eb8a07c-7d57-4380-b6d6-19458c7d6a5e,f8792fe9-914d-4514-b76d-6757227ec3c5,59980d93-a5e1-41bc-83fc-c66cf028fbec,3,90,40,270,150
0caca395-60f8-4263-bc2a-df8c3b39c089,f8792fe9-914d-4514-b76d-6757227ec3c5,21848c5e-ea64-4f62-b45b-d77dd9149407,3,110,45,330,195
4e332092-7701-4648-8f7e-44efd0e300a5,f8792fe9-914d-4514-b76d-6757227ec3c5,fbac6d09-5299-43b5-90ae-7787fc248bc2,1,250,120,250,130
51cb8343-52f5-48c2-9be8-bf2325e07bce,d1de5312-9d0c-46a0-b94e-68c2a01ef083,dadd129a-b601-45f4-94a5-9abff83aab75,2,450,220,900,460
7573e881-4868-4512-944d-cbc0e2eafe5d,0c344b5f-ab17-4967-a512-8398253451cb,fbac6d09-5299-43b5-90ae-7787fc248bc2,1,250,120,250,130
6ce6de42-df29-46c9-8031-8c132690e415,0c344b5f-ab17-4967-a512-8398253451cb,cbf3e345-fe59-463e-8740-a4aef117a187,3,1200,800,3600,1200
e52f594c-ba65-4951-9bd7-bc20c662e2f8,f18a97d0-84f8-4b4e-9c9b-6e7f53696739,269d3622-1038-41fe-9e5d-315b9e7121b0,2,150,70,300,160
c5754e81-afc5-467c-8038-89f9599a33f6,f18a97d0-84f8-4b4e-9c9b-6e7f53696739,fbac6d09-5299-43b5-90ae-7787fc248bc2,2,250,120,500,260
033db6df-7dec-4125-a445-bafe03674459,f18a97d0-84f8-4b4e-9c9b-6e7f53696739,59980d93-a5e1-41bc-83fc-c66cf028fbec,2,90,40,180,100
afe27c97-2f8c-4c92-bc52-4a2ddc1e18e8,f18a97d0-84f8-4b4e-9c9b-6e7f53696739,269d3622-1038-41fe-9e5d-315b9e7121b0,1,150,70,150,80
cd7c5d2e-0774-4e27-948f-237395ce0939,9291dac9-e592-4dff-9160-dec82968e04d,59980d93-a5e1-41bc-83fc-c66cf028fbec,2,90,40,180,100
b9fce5b0-4459-4b10-b056-a11b5bf832e0,9291dac9-e592-4dff-9160-dec82968e04d,269d3622-1038-41fe-9e5d-315b9e7121b0,3,150,70,450,240
a8bd06f4-62bb-405a-879b-7b4c03cba178,9291dac9-e592-4dff-9160-dec82968e04d,cbf3e345-fe59-463e-8740-a4aef117a187,2,1200,800,2400,800
741bf2a8-97d2-417e-be1b-fd453ce8972a,3bfaeca4-e737-498f-a168-2ac3e856a2fa,fbac6d09-5299-43b5-90ae-7787fc248bc2,2,250,120,500,260
61e70a34-749c-4920-bdc4-1c0260c0e742,3bfaeca4-e737-498f-a168-2ac3e856a2fa,3ddca969-7632-4571-9574-c0e317819367,1,80,30,80,50
39b064c7-5288-4eb5-a227-50e079b3992b,708d8eb5-1c2f-4cf2-86e2-d7acad912261,baf6ae6a-74ae-4ad1-98a7-4d1e077a17ee,2,130,60,260,140
5488cb00-284a-4f9d-aca9-086e28774df7,34d328b3-640c-4330-acf3-e5fc918c96c6,59980d93-a5e1-41bc-83fc-c66cf028fbec,3,90,40,270,150
c9919909-87c6-4217-acaa-049202a136ea,34d328b3-640c-4330-acf3-e5fc918c96c6,3ddca969-7632-4571-9574-c0e317819367,2,80,30,160,100
c79b9e70-4774-44d8-adb8-4a4d23acfd20,34d328b3-640c-4330-acf3-e5fc918c96c6,dadd129a-b601-45f4-94a5-9abff83aab75,1,450,220,450,230
84fb9aab-3964-431e-8759-91feaac3d48b,93a45f7a-48a1-42ef-9c29-3a3264e4ef48,dadd129a-b601-45f4-94a5-9abff83aab75,2,450,220,900,460
012140a3-5798-4518-9fff-f692eccabca1,93a45f7a-48a1-42ef-9c29-3a3264e4ef48,269d3622-1038-41fe-9e5d-315b9e7121b0,3,150,70,450,240
29c9e078-7de2-4dfb-9590-c8f7eed4e125,93a45f7a-48a1-42ef-9c29-3a3264e4ef48,269d3622-1038-41fe-9e5d-315b9e7121b0,1,150,70,150,80
709a6ed1-b449-4755-bcf8-a31973cc4342,93a45f7a-48a1-42ef-9c29-3a3264e4ef48,21848c5e-ea64-4f62-b45b-d77dd9149407,3,110,45,330,195
e40a5bc3-0614-438a-8c1c-38aa78274108,e304b01d-dc99-4e63-bcff-f67fdae03970,cbf3e345-fe59-463e-8740-a4aef117a187,3,1200,800,3600,1200
8d6726b6-7292-4016-8ec0-65a7e03a81f5,e304b01d-dc99-4e63-bcff-f67fdae03970,3ddca969-7632-4571-9574-c0e317819367,1,80,30,80,50
8e690f78-84b0-4a58-b0eb-b4e15a278c1d,8fee5897-a8b7-414e-bdeb-35cf82af5840,3ddca969-7632-4571-9574-c0e317819367,2,80,30,160,100
7b8164ae-da13-4f14-90ea-00f829f5c91a,8fee5897-a8b7-414e-bdeb-35cf82af5840,78b4247b-30ae-4dc8-8158-5bd2865aabaf,3,200,90,600,330
205595db-a380-42af-8781-11648b0fb576,8fee5897-a8b7-414e-bdeb-35cf82af5840,fbac6d09-5299-43b5-90ae-7787fc248bc2,2,250,120,500,260
8fd8ac4f-425e-4489-b568-47e3b42cdba0,df4bb647-7226-4e3d-99e4-75d2075f3e31,baf6ae6a-74ae-4ad1-98a7-4d1e077a17ee,1,130,60,130,70
a2280c92-bece-41a8-880a-394154ec5360,df4bb647-7226-4e3d-99e4-75d2075f3e31,fbac6d09-5299-43b5-90ae-7787fc248bc2,1,250,120,250,130
4bb5f033-0b09-4397-98d4-6401cf71943d,df4bb647-7226-4e3d-99e4-75d2075f3e31,269d3622-1038-41fe-9e5d-315b9e7121b0,1,150,70,150,80
30d8fa2c-6d64-4249-b691-c35c6afd51e4,792d96dd-391f-4d64-b44b-62da823e358d,fbac6d09-5299-43b5-90ae-7787fc248bc2,3,250,120,750,390
ea86e85c-d86e-4e97-988a-130c82243f7e,2b36f224-d65a-4479-8bd6-3f55b61086bf,269d3622-1038-41fe-9e5d-315b9e7121b0,1,150,70,150,80
3affe513-8c3d-4732-94ff-5bbdbea03174,4e2e100a-1e12-4602-8a65-b64626f78521,21848c5e-ea64-4f62-b45b-d77dd9149407,3,110,45,330,195
8a874666-dc35-4420-8236-2dcc7bbb24d9,f36d57db-e725-4ec7-9ff7-23854f86a05e,baf6ae6a-74ae-4ad1-98a7-4d1e077a17ee,1,130,60,130,70
02d93a14-205f-4d0f-a619-59cdcec7da6a,f36d57db-e725-4ec7-9ff7-23854f86a05e,21848c5e-ea64-4f62-b45b-d77dd9149407,1,110,45,110,65
b67abdab-a08c-48da-9847-cca10241da9b,e4df3614-2dba-42eb-a220-377704ab410e,dadd129a-b601-45f4-94a5-9abff83aab75,3,450,220,1350,690
aa9487e1-adb4-49f2-9b74-70d25410cf01,e4df3614-2dba-42eb-a220-377704ab410e,fbac6d09-5299-43b5-90ae-7787fc248bc2,1,250,120,250,130
b643ca57-4854-452f-907a-ccde46379337,e4df3614-2dba-42eb-a220-377704ab410e,baf6ae6a-74ae-4ad1-98a7-4d1e077a17ee,3,130,60,390,210
8fa7a884-a6a3-494f-9a26-4a9a3a554953,e4df3614-2dba-42eb-a220-377704ab410e,fbac6d09-5299-43b5-90ae-7787fc248bc2,3,250,120,750,390
c8ca9104-47bd-4238-b387-f28c45542222,cef3ed72-2d87-438b-8f8a-c46821dda4fc,fbac6d09-5299-43b5-90ae-7787fc248bc2,2,250,120,500,260
4d8fee52-1509-4445-8eac-a602e53bfa46,bcca8a0c-4f2b-4597-9109-4cd9de24d56c,59980d93-a5e1-41bc-83fc-c66cf028fbec,3,90,40,270,150
d8651242-0501-47ff-b549-bde3663acddf,bcca8a0c-4f2b-4597-9109-4cd9de24d56c,21848c5e-ea64-4f62-b45b-d77dd9149407,3,110,45,330,195
7219a510-020c-45b7-8dea-de4052869959,8c5f029e-34a7-4967-9cca-60f6e8065559,269d3622-1038-41fe-9e5d-315b9e7121b0,2,150,70,300,160
04eb51b3-7f2b-45d6-813a-902a922c23e1,8c5f029e-34a7-4967-9cca-60f6e8065559,cbf3e345-fe59-463e-8740-a4aef117a187,1,1200,800,1200,400
bdab0d49-ea4d-4539-b799-1e3adbbd8947,8c5f029e-34a7-4967-9cca-60f6e8065559,269d3622-1038-41fe-9e5d-315b9e7121b0,1,150,70,150,80
19c8cde5-4ed3-49d7-822a-5fa9347f176e,ef3fb810-0d8e-4263-890a-96165ad6fb73,baf6ae6a-74ae-4ad1-98a7-4d1e077a17ee,3,130,60,390,210
2a06b337-6539-42af-8306-8fadc78ae4c3,a5851505-cb2c-49db-95b6-419732a1824c,269d3622-1038-41fe-9e5d-315b9e7121b0,2,150,70,300,160
a99a0ef6-3fe0-4fa5-9f2d-209191570437,5bfe2744-31b4-4027-b3fa-896935e3b6fd,59980d93-a5e1-41bc-83fc-c66cf028fbec,2,90,40,180,100
95dacc0f-854a-4fb9-9634-0bae64d7bae9,5bfe2744-31b4-4027-b3fa-896935e3b6fd,cbf3e345-fe59-463e-8740-a4aef117a187,3,1200,800,3600,1200
5c105d5f-608b-481c-8870-d3b97687a982,afbce06f-bbc8-4f6b-a89c-1600815f7d65,21848c5e-ea64-4f62-b45b-d77dd9149407,3,110,45,330,195
59fae39d-7a39-460b-ba5c-1a330288a01c,d696fa8e-6a18-4868-9525-0c27298e15cf,269d3622-1038-41fe-9e5d-315b9e7121b0,1,150,70,150,80
b3d36919-7476-4792-b845-c5704e19c917,d696fa8e-6a18-4868-9525-0c27298e15cf,dadd129a-b601-45f4-94a5-9abff83aab75,2,450,220,900,460
acb22cbc-fec8-402a-ab38-ef6faf6cde64,d696fa8e-6a18-4868-9525-0c27298e15cf,59980d93-a5e1-41bc-83fc-c66cf028fbec,3,90,40,270,150
a5fd7f23-8bf8-4484-bb62-8fde07e882e2,868beab3-6463-4cf7-9a85-822f9d24a992,59980d93-a5e1-41bc-83fc-c66cf028fbec,3,90,40,270,150
356b8e6a-f607-4e54-a8d6-da4bcde28528,2c1652d1-2b86-4265-a0c3-94fada116ba6,3ddca969-7632-4571-9574-c0e317819367,2,80,30,160,100
3f998c9f-ad83-4778-a0e8-99d8619d8c45,2c1652d1-2b86-4265-a0c3-94fada116ba6,21848c5e-ea64-4f62-b45b-d77dd9149407,2,110,45,220,130
d626e21c-2f42-4cf8-bfdf-e6d3f8782ecc,2c1652d1-2b86-4265-a0c3-94fada116ba6,3ddca969-7632-4571-9574-c0e317819367,2,80,30,160,100
d4f998db-51c0-42c3-a255-b124af2ccdf8,6e2d756b-fe1d-43da-8384-c5e612eb3f55,21848c5e-ea64-4f62-b45b-d77dd9149407,2,110,45,220,130
bb2df9e9-7563-4406-ad9f-b65ce7ed129a,4b17fe1c-4f2a-42fe-ae9a-20c957dbe5e5,fbac6d09-5299-43b5-90ae-7787fc248bc2,2,250,120,500,260
3a68648b-1f50-4ba7-8eec-60b50d0d7a40,4b17fe1c-4f2a-42fe-ae9a-20c957dbe5e5,dadd129a-b601-45f4-94a5-9abff83aab75,3,450,220,1350,690
044ca6bf-f283-46c5-a488-e68c18bb338c,426d8fa1-23ba-4bae-ad24-f6695b7c835e,baf6ae6a-74ae-4ad1-98a7-4d1e077a17ee,3,130,60,390,210
5565c9be-c7c7-4fc0-9a4f-6d81f11d9373,426d8fa1-23ba-4bae-ad24-f6695b7c835e,269d3622-1038-41fe-9e5d-315b9e7121b0,3,150,70,450,240
4077c2c3-c766-4f64-b4ee-2a23499e65df,426d8fa1-23ba-4bae-ad24-f6695b7c835e,59980d93-a5e1-41bc-83fc-c66cf028fbec,1,90,40,90,50
11006c08-483e-4458-a9d0-8f69265d4f9f,d904f8e2-3388-497e-95a4-a872f24aab1f,dadd129a-b601-45f4-94a5-9abff83aab75,2,450,220,900,460
64fd9526-2e08-462a-b4ab-4d5652a08b1e,d904f8e2-3388-497e-95a4-a872f24aab1f,cbf3e345-fe59-463e-8740-a4aef117a187,1,1200,800,1200,400
153697af-8f5d-4e32-8416-3450071a6719,d51ffb2e-4ee0-4a0d-8b7b-3f33dd3c37c3,baf6ae6a-74ae-4ad1-98a7-4d1e077a17ee,2,130,60,260,140
332edfce-544e-462f-a7b6-2e11d8117c71,bd621ff4-df7f-4384-8e89-7f6ac10fc8d7,59980d93-a5e1-41bc-83fc-c66cf028fbec,3,90,40,270,150
4cc2e24e-da84-49aa-9327-f931db665dae,e8a4ba74-cba1-47dd-aead-aac697bb0b15,3ddca969-7632-4571-9574-c0e317819367,2,80,30,160,100
099b13e1-63d0-4543-85ee-5fc3e8bc8ae1,e8a4ba74-cba1-47dd-aead-aac697bb0b15,baf6ae6a-74ae-4ad1-98a7-4d1e077a17ee,2,130,60,260,140
5d0d831b-e2d6-468a-81a1-66b29398fd1f,e8a4ba74-cba1-47dd-aead-aac697bb0b15,fbac6d09-5299-43b5-90ae-7787fc248bc2,3,250,120,750,390
542ce553-3474-4453-bbf7-8663e407dbc3,46540ebb-581f-4496-87a9-625d9fac82cf,baf6ae6a-74ae-4ad1-98a7-4d1e077a17ee,3,130,60,390,210
e3a67e82-7663-4eac-96f0-84afa6a3ad0d,46540ebb-581f-4496-87a9-625d9fac82cf,3ddca969-7632-4571-9574-c0e317819367,1,80,30,80,50
7038b493-9228-4d85-83b4-dc777d08bb81,e88f975a-7c38-4c78-8789-5076019452da,3ddca969-7632-4571-9574-c0e317819367,1,80,30,80,50
d88bc5c2-4531-401c-80e3-7d978888f957,e88f975a-7c38-4c78-8789-5076019452da,baf6ae6a-74ae-4ad1-98a7-4d1e077a17ee,3,130,60,390,210
adf266a4-4892-4407-989e-6c38c1d21f92,e88f975a-7c38-4c78-8789-5076019452da,78b4247b-30ae-4dc8-8158-5bd2865aabaf,1,200,90,200,110
2b5809fa-1d7f-4451-ab73-703a601373a0,c08f1dcc-e628-4f9d-9a50-76e998d6a503,cbf3e345-fe59-463e-8740-a4aef117a187,3,1200,800,3600,1200
566647af-022d-4f78-9cc6-9e75018d8a46,1a2b0e94-ce24-4b30-9bbe-a06518cfbb4e,baf6ae6a-74ae-4ad1-98a7-4d1e077a17ee,3,130,60,390,210
1ef589fc-82e6-4ada-ad69-30cc10adf71c,e2de1dc8-a04d-4693-8382-94de2114c098,21848c5e-ea64-4f62-b45b-d77dd9149407,1,110,45,110,65
419f3c10-242f-4a67-a2e1-112deebb7ce7,e2de1dc8-a04d-4693-8382-94de2114c098,dadd129a-b601-45f4-94a5-9abff83aab75,3,450,220,1350,690
1e5c4db9-9e34-4e1b-8d1c-6cd3f739cf52,e2de1dc8-a04d-4693-8382-94de2114c098,269d3622-1038-41fe-9e5d-315b9e7121b0,1,150,70,150,80
ae823b09-bbc6-47f1-bea4-1f093eab0e6c,e76bad0c-31b1-400e-8fa9-ef4ccb9b1949,baf6ae6a-74ae-4ad1-98a7-4d1e077a17ee,1,130,60,130,70
ce8073fb-5bd2-461c-a7b1-ad39cd21c9f6,e76bad0c-31b1-400e-8fa9-ef4ccb9b1949,59980d93-a5e1-41bc-83fc-c66cf028fbec,2,90,40,180,100
12ca893e-1749-4590-b121-eb337e3a216f,47124654-6ce4-401f-b650-1c7f3b8862dc,78b4247b-30ae-4dc8-8158-5bd2865aabaf,2,200,90,400,220
bd1eb8e0-cf24-43ad-ab6b-52e48e2998c9,47124654-6ce4-401f-b650-1c7f3b8862dc,cbf3e345-fe59-463e-8740-a4aef117a187,2,1200,800,2400,800
388b3efd-ad21-4070-94b3-634ee9ee9c0b,47124654-6ce4-401f-b650-1c7f3b8862dc,baf6ae6a-74ae-4ad1-98a7-4d1e077a17ee,1,130,60,130,70
dcc29624-3afc-4638-8356-4cc4fea1e95f,b52bf94d-6b12-4d5a-a519-d65aa814b808,21848c5e-ea64-4f62-b45b-d77dd9149407,2,110,45,220,130
e7907362-cab7-4677-b090-cedcfcbab6fe,eaa4bd7e-8d16-4126-af5d-b48c9f74de46,baf6ae6a-74ae-4ad1-98a7-4d1e077a17ee,1,130,60,130,70
dea486bd-a513-4dfb-9a8e-0142597671bf,eaa4bd7e-8d16-4126-af5d-b48c9f74de46,269d3622-1038-41fe-9e5d-315b9e7121b0,2,150,70,300,160
9004f9e1-9c5b-4f9b-b346-fc1024af7b26,eaa4bd7e-8d16-4126-af5d-b48c9f74de46,fbac6d09-5299-43b5-90ae-7787fc248bc2,2,250,120,500,260
e3f213ae-332f-4cb5-9c09-91c544489484,eaa4bd7e-8d16-4126-af5d-b48c9f74de46,21848c5e-ea64-4f62-b45b-d77dd9149407,1,110,45,110,65
1c6d1553-9700-40d5-afe6-fb0adb00405e,67a1bfe2-aa5d-4ea8-9140-c3fefeff47e0,21848c5e-ea64-4f62-b45b-d77dd9149407,1,110,45,110,65
c22c4573-1b27-4c38-a212-55c92635bc20,67a1bfe2-aa5d-4ea8-9140-c3fefeff47e0,dadd129a-b601-45f4-94a5-9abff83aab75,3,450,220,1350,690
002f1ce5-bf0a-47de-9122-6ac9ad33768d,711c7677-2732-4e05-b426-36c9c01a551b,dadd129a-b601-45f4-94a5-9abff83aab75,2,450,220,900,460
7befbcce-5a4d-4c19-9da8-0870321c348a,711c7677-2732-4e05-b426-36c9c01a551b,baf6ae6a-74ae-4ad1-98a7-4d1e077a17ee,1,130,60,130,70
a5946357-0142-4769-a931-e4cd171cfe3b,8006d85e-b024-494d-8951-50d0731f06af,baf6ae6a-74ae-4ad1-98a7-4d1e077a17ee,3,130,60,390,210
8aaa5de7-26ba-4ad0-8819-d6ebf1f9ff75,8006d85e-b024-494d-8951-50d0731f06af,269d3622-1038-41fe-9e5d-315b9e7121b0,1,150,70,150,80
c49347c3-74c0-400a-bb59-ad878537ebbc,8006d85e-b024-494d-8951-50d0731f06af,dadd129a-b601-45f4-94a5-9abff83aab75,1,450,220,450,230
c632f46f-7c58-4868-9e52-1f6b1fed0fce,8006d85e-b024-494d-8951-50d0731f06af,78b4247b-30ae-4dc8-8158-5bd2865aabaf,2,200,90,400,220
31a897ee-f31b-4e35-9fd8-e352257252d3,72fdf65d-9fb5-4d8f-8f07-6778bc86eba9,dadd129a-b601-45f4-94a5-9abff83aab75,1,450,220,450,230
c9bfab7f-1c5e-4acd-aeeb-064a37cb512e,72fdf65d-9fb5-4d8f-8f07-6778bc86eba9,269d3622-1038-41fe-9e5d-315b9e7121b0,1,150,70,150,80
0988d21d-bf28-4bcb-88cd-39ca517556f7,72fdf65d-9fb5-4d8f-8f07-6778bc86eba9,dadd129a-b601-45f4-94a5-9abff83aab75,2,450,220,900,460
9371b1ac-d43f-4793-8d13-2dd40a32c450,0cfe8d06-0cac-4ddd-ae4e-782405f0b5fd,21848c5e-ea64-4f62-b45b-d77dd9149407,1,110,45,110,65
9248e1a9-cf8f-4ee0-a469-e4dbc9ee32f1,0cfe8d06-0cac-4ddd-ae4e-782405f0b5fd,cbf3e345-fe59-463e-8740-a4aef117a187,1,1200,800,1200,400
9bae26dc-da67-4b57-83f6-78e7d8a78e62,0cfe8d06-0cac-4ddd-ae4e-782405f0b5fd,baf6ae6a-74ae-4ad1-98a7-4d1e077a17ee,1,130,60,130,70
c0c54440-72a3-4b6a-b6b3-6c6020e4b698,0cfe8d06-0cac-4ddd-ae4e-782405f0b5fd,21848c5e-ea64-4f62-b45b-d77dd9149407,2,110,45,220,130
c04eaa65-26f2-4b91-89a9-9ac2dc97935d,fc50582d-c9ae-4b85-b355-0743a458c5b2,3ddca969-7632-4571-9574-c0e317819367,1,80,30,80,50
6d06a7ae-4729-421d-a6f7-b5b2ef979497,dc2a9424-9956-475f-8b71-cdd524aa2bfd,78b4247b-30ae-4dc8-8158-5bd2865aabaf,2,200,90,400,220
0b901006-090c-489f-a944-916dd96e8bd0,e952cb20-c05c-4be2-9642-6cd6219a63a8,59980d93-a5e1-41bc-83fc-c66cf028fbec,2,90,40,180,100
56bea4a0-79f9-4ecb-9c46-f7acadc8107b,e952cb20-c05c-4be2-9642-6cd6219a63a8,21848c5e-ea64-4f62-b45b-d77dd9149407,2,110,45,220,130
a9cd8c0d-5c39-4636-ad79-01bd8af6b02e,e952cb20-c05c-4be2-9642-6cd6219a63a8,78b4247b-30ae-4dc8-8158-5bd2865aabaf,1,200,90,200,110
312756ef-c25a-440c-b132-bd70ffff559b,83518580-c841-4291-b58a-461effb17039,fbac6d09-5299-43b5-90ae-7787fc248bc2,1,250,120,250,130
dac7d339-442a-49c9-9313-907402507669,83518580-c841-4291-b58a-461effb17039,21848c5e-ea64-4f62-b45b-d77dd9149407,2,110,45,220,130
3d840f1e-b9d4-4bb3-9f03-1ba5b2177f5e,83518580-c841-4291-b58a-461effb17039,21848c5e-ea64-4f62-b45b-d77dd9149407,2,110,45,220,130
1820c08d-149e-4fa4-8814-4c6630830463,83518580-c841-4291-b58a-461effb17039,dadd129a-b601-45f4-94a5-9abff83aab75,1,450,220,450,230
3e5611be-95e6-4a38-b538-63d1495ee4fa,0ef140c3-8496-4ef4-8f44-17a5869098eb,fbac6d09-5299-43b5-90ae-7787fc248bc2,3,250,120,750,390
5287c946-0616-481b-a3ef-a2cd057f8749,93321d54-cd5c-49bd-8468-718bbc54c9d4,269d3622-1038-41fe-9e5d-315b9e7121b0,1,150,70,150,80
19fbe57c-101b-4b1e-a3c0-11775d1dbafc,93321d54-cd5c-49bd-8468-718bbc54c9d4,cbf3e345-fe59-463e-8740-a4aef117a187,3,1200,800,3600,1200
2ee29a82-93a1-47c5-beec-00e544d5f76b,93321d54-cd5c-49bd-8468-718bbc54c9d4,59980d93-a5e1-41bc-83fc-c66cf028fbec,1,90,40,90,50
e1e1e5d8-aa8f-42e8-ae06-631ff92e7b5d,88ffb9dc-331d-437e-9e30-0a3674858cc3,cbf3e345-fe59-463e-8740-a4aef117a187,3,1200,800,3600,1200
704d85ad-8df5-424d-b8f7-286d669e8181,2f679ccc-494e-4f0b-810d-d447fe06f763,78b4247b-30ae-4dc8-8158-5bd2865aabaf,2,200,90,400,220
0fa168b0-a393-4e6e-af7d-9f0123fa8435,2f679ccc-494e-4f0b-810d-d447fe06f763,78b4247b-30ae-4dc8-8158-5bd2865aabaf,1,200,90,200,110
3a9b638e-27eb-4e23-9189-a9747ffee44b,2f679ccc-494e-4f0b-810d-d447fe06f763,3ddca969-7632-4571-9574-c0e317819367,1,80,30,80,50
434c9ec6-b35d-4925-905d-95d9c56eeb69,f5990e29-a3e2-4719-9c2e-e010601d227b,dadd129a-b601-45f4-94a5-9abff83aab75,3,450,220,1350,690
f419cea5-5d3a-43be-a9be-161be97d5f76,f5990e29-a3e2-4719-9c2e-e010601d227b,cbf3e345-fe59-463e-8740-a4aef117a187,1,1200,800,1200,400
02077c9f-6ff3-4212-a2fd-40816f4f1736,f5990e29-a3e2-4719-9c2e-e010601d227b,baf6ae6a-74ae-4ad1-98a7-4d1e077a17ee,1,130,60,130,70
6cd21047-808e-41b6-ac93-3981e374024a,682cdf9d-d6ab-42c9-b889-12655e038a95,59980d93-a5e1-41bc-83fc-c66cf028fbec,2,90,40,180,100
756e80f1-040b-462d-b7e2-57f9adb03cb2,682cdf9d-d6ab-42c9-b889-12655e038a95,3ddca969-7632-4571-9574-c0e317819367,1,80,30,80,50
547ce79f-185b-434a-811b-36be10a2b0a8,682cdf9d-d6ab-42c9-b889-12655e038a95,dadd129a-b601-45f4-94a5-9abff83aab75,1,450,220,450,230
a58c5e73-26f6-4984-a66e-a3dc25049032,682cdf9d-d6ab-42c9-b889-12655e038a95,21848c5e-ea64-4f62-b45b-d77dd9149407,2,110,45,220,130
d156749c-045a-475a-9417-afa5fcd21c70,485bae96-6e2d-409f-b845-52e107227a84,dadd129a-b601-45f4-94a5-9abff83aab75,3,450,220,1350,690
1ed7a67e-fa43-4396-9e6b-cb72bda922c3,107e5439-1ed8-42ac-ac70-d8f46ffd2fb2,3ddca969-7632-4571-9574-c0e317819367,1,80,30,80,50
683ae674-8be3-46a2-94bf-23278263d26a,107e5439-1ed8-42ac-ac70-d8f46ffd2fb2,21848c5e-ea64-4f62-b45b-d77dd9149407,2,110,45,220,130
8ae440b7-5ff8-4859-a64a-3093af15a31c,107e5439-1ed8-42ac-ac70-d8f46ffd2fb2,3ddca969-7632-4571-9574-c0e317819367,1,80,30,80,50
ff5de01f-8d9f-485b-9762-0da66a09aad3,7cc5d354-a16c-4453-9113-d2bf31d51a60,dadd129a-b601-45f4-94a5-9abff83aab75,3,450,220,1350,690
904f4199-903a-4f03-9694-a3a0ced31d97,9e5e4763-8bbb-45a0-92d1-482b40c83846,78b4247b-30ae-4dc8-8158-5bd2865aabaf,3,200,90,600,330
501fbffe-c3ef-4e42-9037-06987c53be28,9e5e4763-8bbb-45a0-92d1-482b40c83846,cbf3e345-fe59-463e-8740-a4aef117a187,1,1200,800,1200,400
da44cc4c-e634-45ae-bb1b-5d7d18edc347,9e5e4763-8bbb-45a0-92d1-482b40c83846,21848c5e-ea64-4f62-b45b-d77dd9149407,2,110,45,220,130
b34e511e-71e3-41f6-81ef-7d74f9a7dbca,1d7f98e2-283a-472c-9b8b-52a77695150b,baf6ae6a-74ae-4ad1-98a7-4d1e077a17ee,2,130,60,260,140
bc825e50-2ad4-44bc-b699-5136e25df68b,c44d0861-93b2-4a01-89b3-fa3b2df973a6,59980d93-a5e1-41bc-83fc-c66cf028fbec,3,90,40,270,150
977a0d89-0999-4020-98fc-a814d873ae24,c44d0861-93b2-4a01-89b3-fa3b2df973a6,3ddca969-7632-4571-9574-c0e317819367,3,80,30,240,150
9d617d94-6087-4b74-8f86-db91526830ab,e19afe1b-1b96-47ec-be06-2647d8afda22,cbf3e345-fe59-463e-8740-a4aef117a187,1,1200,800,1200,400
b1a8f395-bebc-4f5e-9cd9-9f264f705e9b,e19afe1b-1b96-47ec-be06-2647d8afda22,59980d93-a5e1-41bc-83fc-c66cf028fbec,1,90,40,90,50
40a3e222-5270-447e-ac4e-8626a9e6a394,e19afe1b-1b96-47ec-be06-2647d8afda22,baf6ae6a-74ae-4ad1-98a7-4d1e077a17ee,2,130,60,260,140
e8f385f1-5523-4102-be43-9f7a36775571,b779943d-61ab-4745-b2da-86a1ffafc643,21848c5e-ea64-4f62-b45b-d77dd9149407,2,110,45,220,130
a73a7447-8eb9-48ba-997f-8e91e5dcf96f,b779943d-61ab-4745-b2da-86a1ffafc643,21848c5e-ea64-4f62-b45b-d77dd9149407,2,110,45,220,130
9d880aec-0f51-4a4d-a7f3-6d7a5013f781,b779943d-61ab-4745-b2da-86a1ffafc643,59980d93-a5e1-41bc-83fc-c66cf028fbec,2,90,40,180,100
51d32ab6-d63f-45f9-b6a5-4d99e08f8d74,b779943d-61ab-4745-b2da-86a1ffafc643,baf6ae6a-74ae-4ad1-98a7-4d1e077a17ee,2,130,60,260,140
1ecc1629-ef60-4c56-9bef-f4b6fba0bca5,b0a51cd2-3053-491c-a9d0-c1ff28f13deb,fbac6d09-5299-43b5-90ae-7787fc248bc2,2,250,120,500,260
9f850ca3-4cac-4123-ae31-bc4373364772,b0a51cd2-3053-491c-a9d0-c1ff28f13deb,fbac6d09-5299-43b5-90ae-7787fc248bc2,3,250,120,750,390
7954d118-e636-499d-bfcf-6385161c9806,76d62496-1381-44bc-9e23-7c3342ad6556,dadd129a-b601-45f4-94a5-9abff83aab75,1,450,220,450,230
1b7d505a-c126-4173-9ad6-938d1b9263e5,76d62496-1381-44bc-9e23-7c3342ad6556,78b4247b-30ae-4dc8-8158-5bd2865aabaf,1,200,90,200,110
bdf6feb4-a7ef-4abb-bef0-31ca5293eb63,76d62496-1381-44bc-9e23-7c3342ad6556,3ddca969-7632-4571-9574-c0e317819367,2,80,30,160,100
778cf838-b49f-4663-84f7-9f10c4787e06,cc9d5a7c-e150-4b3a-8bac-4624ec1174c3,78b4247b-30ae-4dc8-8158-5bd2865aabaf,1,200,90,200,110
69218ee6-e21c-423a-8ac2-394879a2d50a,c9c8e073-a6ca-4f2c-8006-85465c858564,269d3622-1038-41fe-9e5d-315b9e7121b0,2,150,70,300,160
81bffccc-33ee-4821-9fc1-e5de2593a00e,c9c8e073-a6ca-4f2c-8006-85465c858564,cbf3e345-fe59-463e-8740-a4aef117a187,3,1200,800,3600,1200
3510bacf-6032-4da7-8c81-0f2744d456c5,4c19c00c-cfd6-467a-af7e-eb33accf32c8,dadd129a-b601-45f4-94a5-9abff83aab75,1,450,220,450,230
74e21267-5962-4021-a957-81931e6e027f,4c19c00c-cfd6-467a-af7e-eb33accf32c8,3ddca969-7632-4571-9574-c0e317819367,3,80,30,240,150
7c1bf5e7-6e70-4750-ae82-f85944908f44,4c19c00c-cfd6-467a-af7e-eb33accf32c8,78b4247b-30ae-4dc8-8158-5bd2865aabaf,2,200,90,400,220
f498d230-bd32-44f8-803b-2ceef42abd91,4c19c00c-cfd6-467a-af7e-eb33accf32c8,dadd129a-b601-45f4-94a5-9abff83aab75,1,450,220,450,230
0a8e8647-f2ef-4f94-b6f9-f8c447cad1b3,3035e219-33e9-49f4-b183-9c917dbfa31a,21848c5e-ea64-4f62-b45b-d77dd9149407,1,110,45,110,65
47202f3f-8f70-40ad-a03b-a3f0516d75e3,3035e219-33e9-49f4-b183-9c917dbfa31a,baf6ae6a-74ae-4ad1-98a7-4d1e077a17ee,3,130,60,390,210
05cf2bb1-3fde-48e8-b937-f12d719c5e0a,3035e219-33e9-49f4-b183-9c917dbfa31a,baf6ae6a-74ae-4ad1-98a7-4d1e077a17ee,3,130,60,390,210
bc2c5a34-fd52-4984-9d18-c79b88467bc7,3035e219-33e9-49f4-b183-9c917dbfa31a,269d3622-1038-41fe-9e5d-315b9e7121b0,2,150,70,300,160
3ae73179-f2cd-442d-8abf-53ec084a1eed,94ab5c70-90a5-429d-996b-1b9968cbfbdb,cbf3e345-fe59-463e-8740-a4aef117a187,3,1200,800,3600,1200
2f63aca1-ad53-4a89-82f4-c488f469413a,94ab5c70-90a5-429d-996b-1b9968cbfbdb,21848c5e-ea64-4f62-b45b-d77dd9149407,1,110,45,110,65
124087a1-ff55-4f4d-9eaa-aeb602181139,94ab5c70-90a5-429d-996b-1b9968cbfbdb,3ddca969-7632-4571-9574-c0e317819367,3,80,30,240,150
c483d9fc-89cf-4f95-aed9-bf0e09438db1,36c4c846-31f0-4feb-8f64-72cdad5ede22,dadd129a-b601-45f4-94a5-9abff83aab75,2,450,220,900,460
e6dcba3f-e613-417e-8763-6cff66cb3249,8f61b0c0-d843-431f-b75a-8728498b4284,59980d93-a5e1-41bc-83fc-c66cf028fbec,2,90,40,180,100
f13bb185-721d-46d5-9ac9-98c19a4164fe,8f61b0c0-d843-431f-b75a-8728498b4284,baf6ae6a-74ae-4ad1-98a7-4d1e077a17ee,3,130,60,390,210
5fe128fc-f796-474c-ab79-72ecd0924e03,8f61b0c0-d843-431f-b75a-8728498b4284,dadd129a-b601-45f4-94a5-9abff83aab75,1,450,220,450,230
a99639ca-e8c0-4f62-8c3b-daf1980c6d83,8f61b0c0-d843-431f-b75a-8728498b4284,3ddca969-7632-4571-9574-c0e317819367,1,80,30,80,50
62e2f7e0-4b0d-410e-9fc2-e17d576c9efa,89d4a542-3a6e-45ad-bcf6-846e77782ca8,78b4247b-30ae-4dc8-8158-5bd2865aabaf,1,200,90,200,110
4cbec7c4-e1b4-46c8-9e25-84a496fe81db,89d4a542-3a6e-45ad-bcf6-846e77782ca8,21848c5e-ea64-4f62-b45b-d77dd9149407,1,110,45,110,65
e1cb87d0-825c-443d-82f6-52109d5617af,89d4a542-3a6e-45ad-bcf6-846e77782ca8,fbac6d09-5299-43b5-90ae-7787fc248bc2,1,250,120,250,130
912b6b76-f526-4aba-b04b-22889d3c6412,5f901127-e519-47a4-a1ee-c5caf7fc3905,21848c5e-ea64-4f62-b45b-d77dd9149407,2,110,45,220,130
9879a42f-fc9f-4fec-a55e-9382fbadb1a6,5f901127-e519-47a4-a1ee-c5caf7fc3905,59980d93-a5e1-41bc-83fc-c66cf028fbec,1,90,40,90,50
52b81b11-59b5-46ee-ac15-7459a8c2b008,5f901127-e519-47a4-a1ee-c5caf7fc3905,21848c5e-ea64-4f62-b45b-d77dd9149407,1,110,45,110,65
3b7835e5-2766-4d9b-ae15-70910c8b4119,5f901127-e519-47a4-a1ee-c5caf7fc3905,cbf3e345-fe59-463e-8740-a4aef117a187,1,1200,800,1200,400
6073fd2a-a520-482a-b846-ac737ab13574,8a75996b-23fe-4d15-996c-cf3677eb781a,fbac6d09-5299-43b5-90ae-7787fc248bc2,2,250,120,500,260
3145eaab-2b07-4fe1-a9bc-57b65fdd5c91,8a75996b-23fe-4d15-996c-cf3677eb781a,dadd129a-b601-45f4-94a5-9abff83aab75,3,450,220,1350,690
3c455f3e-b994-4a70-9822-aaff3a300f7f,8a75996b-23fe-4d15-996c-cf3677eb781a,dadd129a-b601-45f4-94a5-9abff83aab75,2,450,220,900,460
b4e6169b-3908-4c69-941d-c92e9ef9b0d9,8a75996b-23fe-4d15-996c-cf3677eb781a,baf6ae6a-74ae-4ad1-98a7-4d1e077a17ee,2,130,60,260,140
3812c735-cb34-41c7-8fe4-9584e7e05e3c,fcee57cb-17a4-442c-accd-edf63eec451c,dadd129a-b601-45f4-94a5-9abff83aab75,2,450,220,900,460
7fdc9675-1dbd-4c4a-b757-279cec3ef438,36897032-7996-47a6-92f0-68d853cff251,269d3622-1038-41fe-9e5d-315b9e7121b0,3,150,70,450,240
c5c83eed-9a69-45fb-9350-7e1b57b5f9f1,cb5fe7dd-a926-4564-872f-daacdf4632ce,fbac6d09-5299-43b5-90ae-7787fc248bc2,2,250,120,500,260
f30880c4-c09b-4eae-a3bf-dc32428d08b4,5b8f1c7e-3eae-4f93-a24a-b0a5ed68a55a,dadd129a-b601-45f4-94a5-9abff83aab75,1,450,220,450,230
f6dae23a-aa65-4ab8-b403-7d8acdb36b76,5b8f1c7e-3eae-4f93-a24a-b0a5ed68a55a,fbac6d09-5299-43b5-90ae-7787fc248bc2,2,250,120,500,260
bb902de0-42a4-4d02-b284-dc451c8650a1,5b8f1c7e-3eae-4f93-a24a-b0a5ed68a55a,dadd129a-b601-45f4-94a5-9abff83aab75,3,450,220,1350,690
fd00cdfb-7766-466d-bc19-c51ba7842a73,5b8f1c7e-3eae-4f93-a24a-b0a5ed68a55a,dadd129a-b601-45f4-94a5-9abff83aab75,1,450,220,450,230
2366ce7b-72f5-4b04-93f7-cc7582422b7b,1c69c521-1845-4efa-a9d4-afa5cd07801f,baf6ae6a-74ae-4ad1-98a7-4d1e077a17ee,3,130,60,390,210
2e08c639-312f-4820-8518-a7e68e590ce0,9b38fb51-c10a-43e6-b679-cab4f924a92b,dadd129a-b601-45f4-94a5-9abff83aab75,3,450,220,1350,690
e4138c20-ebac-47fb-8a8c-a99cb6739ebf,9b38fb51-c10a-43e6-b679-cab4f924a92b,cbf3e345-fe59-463e-8740-a4aef117a187,1,1200,800,1200,400
fcca06a7-2cff-4c59-8bd8-d4163eab09bb,9b38fb51-c10a-43e6-b679-cab4f924a92b,dadd129a-b601-45f4-94a5-9abff83aab75,3,450,220,1350,690
366e66af-afa7-4db1-a417-985ac555318c,11364f28-e671-4fa3-b0f5-ba3648205a46,78b4247b-30ae-4dc8-8158-5bd2865aabaf,1,200,90,200,110
0a21d5ca-dbed-430c-bd56-86e4325997ee,11364f28-e671-4fa3-b0f5-ba3648205a46,3ddca969-7632-4571-9574-c0e317819367,2,80,30,160,100
4f1de118-c4a3-4ab8-9b4f-ef04e5d4fa98,11364f28-e671-4fa3-b0f5-ba3648205a46,269d3622-1038-41fe-9e5d-315b9e7121b0,1,150,70,150,80
429cf034-c836-47d3-b6ff-bee58cc8b70e,11364f28-e671-4fa3-b0f5-ba3648205a46,dadd129a-b601-45f4-94a5-9abff83aab75,1,450,220,450,230
a997aa19-0961-4492-a859-5996ebac74b4,bf818181-1ca6-4f1c-b710-3791d3bfa4a3,269d3622-1038-41fe-9e5d-315b9e7121b0,3,150,70,450,240
e75e5bba-ac43-46e5-8c89-1b5f050b7909,bf818181-1ca6-4f1c-b710-3791d3bfa4a3,21848c5e-ea64-4f62-b45b-d77dd9149407,3,110,45,330,195
fbf266e3-7e18-423e-8e8f-17e79631bd68,aa18cf96-eaa9-4ff1-94e8-960e3c1cba5b,cbf3e345-fe59-463e-8740-a4aef117a187,2,1200,800,2400,800
26352e58-28c1-43ec-a1a0-074b0bb17ee0,aa18cf96-eaa9-4ff1-94e8-960e3c1cba5b,3ddca969-7632-4571-9574-c0e317819367,3,80,30,240,150
88cfd182-761d-4534-b195-c9af27ec814e,aa18cf96-eaa9-4ff1-94e8-960e3c1cba5b,59980d93-a5e1-41bc-83fc-c66cf028fbec,3,90,40,270,150
245015cc-023a-4ab1-9ece-c79b8b0cecb5,1a10a6b8-ca58-4de6-8fe8-d8cc295e798b,dadd129a-b601-45f4-94a5-9abff83aab75,3,450,220,1350,690
80dc9c98-5e80-4f4b-9eed-cd3c56d94a0b,1a10a6b8-ca58-4de6-8fe8-d8cc295e798b,baf6ae6a-74ae-4ad1-98a7-4d1e077a17ee,3,130,60,390,210
2b0a339b-f636-472b-ab48-a14efef70b31,1a10a6b8-ca58-4de6-8fe8-d8cc295e798b,baf6ae6a-74ae-4ad1-98a7-4d1e077a17ee,2,130,60,260,140
227414e1-0ddf-41e3-9600-beeee7de4b57,e44f4ca2-8932-450b-832f-61b465cb8071,269d3622-1038-41fe-9e5d-315b9e7121b0,3,150,70,450,240
ad96bb38-73b8-45d6-ab5d-5bdfca058096,e44f4ca2-8932-450b-832f-61b465cb8071,78b4247b-30ae-4dc8-8158-5bd2865aabaf,2,200,90,400,220
597344bd-b4bb-4dc4-90f0-bd551caf73b3,e44f4ca2-8932-450b-832f-61b465cb8071,3ddca969-7632-4571-9574-c0e317819367,1,80,30,80,50
33c31202-dcf9-421f-9141-9241ce84d7c0,e44f4ca2-8932-450b-832f-61b465cb8071,cbf3e345-fe59-463e-8740-a4aef117a187,2,1200,800,2400,800
455cb04a-c39b-494f-93ff-7651f15d723c,de2f386a-aab2-4b21-8b06-0765ea651e9d,cbf3e345-fe59-463e-8740-a4aef117a187,3,1200,800,3600,1200
f9817ef5-1ed3-41fc-a361-9f857902100d,de2f386a-aab2-4b21-8b06-0765ea651e9d,269d3622-1038-41fe-9e5d-315b9e7121b0,3,150,70,450,240
bd96cf7b-f688-4659-bd49-14133a90018d,de2f386a-aab2-4b21-8b06-0765ea651e9d,78b4247b-30ae-4dc8-8158-5bd2865aabaf,3,200,90,600,330
8d5c911d-bd5d-4e27-bcd6-470608238174,efba1cf2-555a-4145-941e-c830f4eec479,3ddca969-7632-4571-9574-c0e317819367,3,80,30,240,150
39529589-ccc9-4fbd-8956-993c20307c63,efba1cf2-555a-4145-941e-c830f4eec479,269d3622-1038-41fe-9e5d-315b9e7121b0,1,150,70,150,80
f01328ad-a2ef-431c-937a-06053a5ab3bf,efba1cf2-555a-4145-941e-c830f4eec479,59980d93-a5e1-41bc-83fc-c66cf028fbec,3,90,40,270,150
c6895085-cabb-4b57-84ae-d55755d90440,efba1cf2-555a-4145-941e-c830f4eec479,78b4247b-30ae-4dc8-8158-5bd2865aabaf,1,200,90,200,110
84872cc3-b898-4d4e-84c5-68bc0fe1ed14,a5e8b698-e9d0-4cc4-8bae-99794185ca41,baf6ae6a-74ae-4ad1-98a7-4d1e077a17ee,2,130,60,260,140
4d2a8751-9378-4e6d-a23d-89345bfc0c33,a5e8b698-e9d0-4cc4-8bae-99794185ca41,21848c5e-ea64-4f62-b45b-d77dd9149407,1,110,45,110,65
6d5d2bfc-646e-48a3-bc8e-5979c880f2e9,a5e8b698-e9d0-4cc4-8bae-99794185ca41,78b4247b-30ae-4dc8-8158-5bd2865aabaf,2,200,90,400,220
391b0f75-ebdc-4117-bf57-536e34cdfe88,1495f299-e07e-40d0-b999-a61192131804,dadd129a-b601-45f4-94a5-9abff83aab75,3,450,220,1350,690
9d93bbb9-44a9-4127-9855-a228e518fa7c,9cea9f20-c9f6-4b34-82d8-7d97b39c80b0,fbac6d09-5299-43b5-90ae-7787fc248bc2,1,250,120,250,130
c70b4d1a-b470-44c9-a505-b3f3f8818d51,9cea9f20-c9f6-4b34-82d8-7d97b39c80b0,baf6ae6a-74ae-4ad1-98a7-4d1e077a17ee,3,130,60,390,210
3010da26-293a-4096-8486-219322580f22,9cea9f20-c9f6-4b34-82d8-7d97b39c80b0,3ddca969-7632-4571-9574-c0e317819367,3,80,30,240,150
de6e2792-85da-4227-9e25-ebac9daf5dc8,c86195ae-abad-4a4d-93e4-ab299468dc7c,dadd129a-b601-45f4-94a5-9abff83aab75,3,450,220,1350,690
9797b103-7da2-4207-ad79-424e211cb76f,c86195ae-abad-4a4d-93e4-ab299468dc7c,269d3622-1038-41fe-9e5d-315b9e7121b0,3,150,70,450,240
883f943c-5bbe-45db-9f7b-cb3e7763e1fb,d6fc0cc9-dc7f-491e-a7f1-3449f3195a9a,21848c5e-ea64-4f62-b45b-d77dd9149407,3,110,45,330,195
dee96a7a-4363-4480-964e-61f635ec45ce,d6fc0cc9-dc7f-491e-a7f1-3449f3195a9a,baf6ae6a-74ae-4ad1-98a7-4d1e077a17ee,2,130,60,260,140
10f5f619-c5ec-4fdb-b698-141633be248c,d6fc0cc9-dc7f-491e-a7f1-3449f3195a9a,21848c5e-ea64-4f62-b45b-d77dd9149407,3,110,45,330,195
4ef51acb-cc6b-42f2-ae27-c4be8f5eeae9,2e25472b-0aef-48ee-9359-6586344b661c,78b4247b-30ae-4dc8-8158-5bd2865aabaf,3,200,90,600,330
9d33ac20-31c0-4675-a5c0-db01b6015d5a,2e25472b-0aef-48ee-9359-6586344b661c,cbf3e345-fe59-463e-8740-a4aef117a187,3,1200,800,3600,1200
8e1bd12d-905d-4d24-999b-7984cd5d01f1,2e25472b-0aef-48ee-9359-6586344b661c,baf6ae6a-74ae-4ad1-98a7-4d1e077a17ee,2,130,60,260,140
8f7b2c17-da98-4ca5-9967-95e99b65f3b1,fb087496-a363-4dc1-bc95-1749407146f7,cbf3e345-fe59-463e-8740-a4aef117a187,1,1200,800,1200,400
a8e82cfa-a064-4736-81fd-1736e1da767c,fb087496-a363-4dc1-bc95-1749407146f7,21848c5e-ea64-4f62-b45b-d77dd9149407,3,110,45,330,195
bdd28ef6-0266-44e2-83b3-ae0d8cd0a377,fb087496-a363-4dc1-bc95-1749407146f7,3ddca969-7632-4571-9574-c0e317819367,1,80,30,80,50
844a2dc6-fcb7-4198-bd12-6935f728160c,fb087496-a363-4dc1-bc95-1749407146f7,3ddca969-7632-4571-9574-c0e317819367,3,80,30,240,150
4e72d256-0099-489b-981b-63e7c2735fce,0c4479bb-ba57-44ec-baf3-0abd6626a289,dadd129a-b601-45f4-94a5-9abff83aab75,1,450,220,450,230
1a045297-9a8f-4854-b628-39d918fa0165,0c4479bb-ba57-44ec-baf3-0abd6626a289,baf6ae6a-74ae-4ad1-98a7-4d1e077a17ee,2,130,60,260,140
b3d679c6-fc08-4d75-8a49-70de69570bfd,967cec39-bac3-4d27-ad26-031156e8b965,baf6ae6a-74ae-4ad1-98a7-4d1e077a17ee,2,130,60,260,140
532af67a-2e91-418e-be27-3da248185a28,3901a396-a6ae-463d-8171-8becc970e54f,cbf3e345-fe59-463e-8740-a4aef117a187,1,1200,800,1200,400
aaf00473-09a2-40e3-89df-9bfa28e097b5,3901a396-a6ae-463d-8171-8becc970e54f,59980d93-a5e1-41bc-83fc-c66cf028fbec,3,90,40,270,150
48970693-99d6-4eba-9ece-9a6cc6c9e87d,3901a396-a6ae-463d-8171-8becc970e54f,cbf3e345-fe59-463e-8740-a4aef117a187,3,1200,800,3600,1200
ea992c21-d7f4-4b1a-8b0f-98024a3296c5,6e8c38a6-452b-4a11-92aa-b572f2f6bd6b,269d3622-1038-41fe-9e5d-315b9e7121b0,2,150,70,300,160
417154dc-e92e-4747-a41d-c3fdd39ecd37,6e8c38a6-452b-4a11-92aa-b572f2f6bd6b,dadd129a-b601-45f4-94a5-9abff83aab75,2,450,220,900,460
31e78e05-de84-4533-bb72-9c4f053ec25d,6e8c38a6-452b-4a11-92aa-b572f2f6bd6b,baf6ae6a-74ae-4ad1-98a7-4d1e077a17ee,1,130,60,130,70
dcdaa5ac-8f30-4d8b-995b-0346cc93d467,6e8c38a6-452b-4a11-92aa-b572f2f6bd6b,78b4247b-30ae-4dc8-8158-5bd2865aabaf,3,200,90,600,330
907717ea-c61e-48b2-ad08-0ed7d8c8b93f,c7ee06e2-931c-4935-81e8-1ebf61d03f85,3ddca969-7632-4571-9574-c0e317819367,2,80,30,160,100
9ecd82d8-4dc6-4344-a210-bc9fa62dd54e,54e7b809-ad4e-4f66-89f9-fd0469675f47,21848c5e-ea64-4f62-b45b-d77dd9149407,2,110,45,220,130
ff9b5947-6e39-4339-baa8-271336044fe5,54e7b809-ad4e-4f66-89f9-fd0469675f47,59980d93-a5e1-41bc-83fc-c66cf028fbec,2,90,40,180,100
658f6635-7229-4de1-a25b-91a8a957760f,5e608835-65f9-462e-a398-791125cf0bef,21848c5e-ea64-4f62-b45b-d77dd9149407,3,110,45,330,195
4196a314-4af9-4fe1-90e6-7a9e9c64276b,5e608835-65f9-462e-a398-791125cf0bef,21848c5e-ea64-4f62-b45b-d77dd9149407,2,110,45,220,130
af424086-8d00-4e5e-baed-10ef114037d9,5e608835-65f9-462e-a398-791125cf0bef,59980d93-a5e1-41bc-83fc-c66cf028fbec,1,90,40,90,50
8b71198b-473d-41f7-81da-08435b38d859,5e608835-65f9-462e-a398-791125cf0bef,fbac6d09-5299-43b5-90ae-7787fc248bc2,1,250,120,250,130
17612487-d806-483e-ba6a-7e3949d01482,9fc4d122-434b-4847-af4c-d6d57aa8db91,3ddca969-7632-4571-9574-c0e317819367,1,80,30,80,50
f8692c55-effc-44f2-bb7c-4adbf5dae208,9fc4d122-434b-4847-af4c-d6d57aa8db91,dadd129a-b601-45f4-94a5-9abff83aab75,1,450,220,450,230
74f09984-20c4-4233-89ac-47ed598a87dc,9fc4d122-434b-4847-af4c-d6d57aa8db91,3ddca969-7632-4571-9574-c0e317819367,3,80,30,240,150
e53cfebc-e019-47fc-83dc-2e371b63f31e,9fc4d122-434b-4847-af4c-d6d57aa8db91,269d3622-1038-41fe-9e5d-315b9e7121b0,1,150,70,150,80
fd4c60cd-664a-47a7-acb6-cd3fe493d9b9,c8235256-d4e3-4ff4-8ebb-fd754eb10259,21848c5e-ea64-4f62-b45b-d77dd9149407,2,110,45,220,130
06a14dac-e8e9-4bee-b0cc-45bf7e5aba72,c8235256-d4e3-4ff4-8ebb-fd754eb10259,cbf3e345-fe59-463e-8740-a4aef117a187,1,1200,800,1200,400
b1c34602-c933-465d-a165-9b1b2a040f82,c8235256-d4e3-4ff4-8ebb-fd754eb10259,21848c5e-ea64-4f62-b45b-d77dd9149407,2,110,45,220,130
f0d5b42c-180d-40b3-a1d0-825defa92a7c,c8235256-d4e3-4ff4-8ebb-fd754eb10259,fbac6d09-5299-43b5-90ae-7787fc248bc2,2,250,120,500,260
84627d28-1b2c-4044-ad98-06e1c6319ff7,9808ec4e-ac7d-42a8-a6a7-78942848072d,59980d93-a5e1-41bc-83fc-c66cf028fbec,2,90,40,180,100
42793843-9af0-44f5-8777-0bcff687761a,9808ec4e-ac7d-42a8-a6a7-78942848072d,dadd129a-b601-45f4-94a5-9abff83aab75,2,450,220,900,460
65c682e5-63d8-4c52-9f70-5076bd530b68,6a5da31a-c314-4ee3-adeb-5731b0e817ec,21848c5e-ea64-4f62-b45b-d77dd9149407,1,110,45,110,65
86412d5c-55bc-40c1-a267-117182e0c8b0,6a5da31a-c314-4ee3-adeb-5731b0e817ec,21848c5e-ea64-4f62-b45b-d77dd9149407,1,110,45,110,65
66fbdee0-fd2c-4860-b298-00d6f46b76be,6a5da31a-c314-4ee3-adeb-5731b0e817ec,fbac6d09-5299-43b5-90ae-7787fc248bc2,1,250,120,250,130
5340054a-0e90-40d2-b0d9-d308ffd149f3,b028b17d-56d8-4386-978b-eb230f86f3c5,21848c5e-ea64-4f62-b45b-d77dd9149407,2,110,45,220,130
2d80f5ab-fdf3-4aee-9c05-ad19a2c4234c,b028b17d-56d8-4386-978b-eb230f86f3c5,dadd129a-b601-45f4-94a5-9abff83aab75,1,450,220,450,230
f12228aa-bed6-41da-b3cb-06cb496ce7c4,b028b17d-56d8-4386-978b-eb230f86f3c5,21848c5e-ea64-4f62-b45b-d77dd9149407,1,110,45,110,65
63bfa173-b7a1-4ff2-95b7-93bafa49d6d9,2433d8fa-1f30-46a6-b400-3ba313a7f169,dadd129a-b601-45f4-94a5-9abff83aab75,2,450,220,900,460
e64f41d4-c754-4ae5-bb0a-9b77f5520b78,2433d8fa-1f30-46a6-b400-3ba313a7f169,dadd129a-b601-45f4-94a5-9abff83aab75,1,450,220,450,230
1636879b-7b9f-4f91-9b2e-e25d8d091c22,9929519e-2379-403d-8314-d13a4c41b09d,dadd129a-b601-45f4-94a5-9abff83aab75,2,450,220,900,460
b9e7e08d-6f82-4c8e-8acc-6c79b26ca474,9929519e-2379-403d-8314-d13a4c41b09d,dadd129a-b601-45f4-94a5-9abff83aab75,3,450,220,1350,690
47bec569-9fd5-4ad6-ba35-e9a033c5c951,bd0e36c6-88e3-47a1-8642-fc9c213fba84,21848c5e-ea64-4f62-b45b-d77dd9149407,1,110,45,110,65
c331fe38-9aa5-42c2-9781-dd37dc2fcd02,bd0e36c6-88e3-47a1-8642-fc9c213fba84,dadd129a-b601-45f4-94a5-9abff83aab75,3,450,220,1350,690
752ce78b-7361-4fe1-b2da-7804ad22cb63,10accab2-be73-4187-b688-3950397b5930,269d3622-1038-41fe-9e5d-315b9e7121b0,2,150,70,300,160
aaf9d84a-c12c-485e-968e-1024cfaa0184,62475617-9862-4595-9d6e-554079842daf,fbac6d09-5299-43b5-90ae-7787fc248bc2,3,250,120,750,390
5992951a-3e63-41ec-9ac0-da340c080be3,c8190a10-7f38-459a-899f-77aa8ec8b66e,baf6ae6a-74ae-4ad1-98a7-4d1e077a17ee,1,130,60,130,70
c3936508-cf95-4e18-90b4-b243279069a5,c8190a10-7f38-459a-899f-77aa8ec8b66e,21848c5e-ea64-4f62-b45b-d77dd9149407,1,110,45,110,65
4b33e8c5-5df9-4329-83f8-db8ec32e5034,c8190a10-7f38-459a-899f-77aa8ec8b66e,fbac6d09-5299-43b5-90ae-7787fc248bc2,3,250,120,750,390
ecc7b2c6-df5e-4ad6-b508-ab0e46ca416d,bfafc997-fc08-4f14-b330-a1f340a5ae94,fbac6d09-5299-43b5-90ae-7787fc248bc2,3,250,120,750,390
75129bc7-520f-4ad3-8438-7739fb8eb8c0,97390e1e-5bd5-4926-b69a-678932cfe6ac,78b4247b-30ae-4dc8-8158-5bd2865aabaf,3,200,90,600,330
7c30cf17-8387-4c31-8ce7-95a617e4ce7e,97390e1e-5bd5-4926-b69a-678932cfe6ac,59980d93-a5e1-41bc-83fc-c66cf028fbec,2,90,40,180,100
a0f543b4-e3b9-4b74-9b6b-d5f2452ea5b1,97390e1e-5bd5-4926-b69a-678932cfe6ac,cbf3e345-fe59-463e-8740-a4aef117a187,1,1200,800,1200,400
3d85dc8a-4442-451a-98ff-f153083a3d41,97390e1e-5bd5-4926-b69a-678932cfe6ac,cbf3e345-fe59-463e-8740-a4aef117a187,2,1200,800,2400,800
676f83a9-ad20-4320-8552-f647dc1d2169,f534bc07-a1fc-461a-9d6e-ec0a7b6f0543,cbf3e345-fe59-463e-8740-a4aef117a187,3,1200,800,3600,1200
52f366d6-acd5-4f55-8800-77e281df9da2,13b460c4-57ab-4745-94ff-f238a4841f3a,59980d93-a5e1-41bc-83fc-c66cf028fbec,3,90,40,270,150
0313a239-4992-4328-8b05-09073c6c59e2,13b460c4-57ab-4745-94ff-f238a4841f3a,21848c5e-ea64-4f62-b45b-d77dd9149407,2,110,45,220,130
f5acdaeb-f9f7-4d05-891a-fe55fe34da5f,13b460c4-57ab-4745-94ff-f238a4841f3a,269d3622-1038-41fe-9e5d-315b9e7121b0,2,150,70,300,160
b17a8fb6-06eb-496b-a863-5464bb3046a3,928e61fe-76e2-46cc-93de-e4dfabd79897,59980d93-a5e1-41bc-83fc-c66cf028fbec,3,90,40,270,150
8df2389b-5083-47fe-8fd8-01c2781e9bab,928e61fe-76e2-46cc-93de-e4dfabd79897,dadd129a-b601-45f4-94a5-9abff83aab75,2,450,220,900,460
3dcbb128-a0d4-4b32-855d-5246c783e658,928e61fe-76e2-46cc-93de-e4dfabd79897,21848c5e-ea64-4f62-b45b-d77dd9149407,3,110,45,330,195
c0360036-75c4-40f0-8a45-7222b6f0e779,928e61fe-76e2-46cc-93de-e4dfabd79897,baf6ae6a-74ae-4ad1-98a7-4d1e077a17ee,3,130,60,390,210
32e4b0fc-1ea2-4b8b-99bf-228a2f9b8c31,ab175f3e-af47-4b45-8d66-ffec64ce0555,59980d93-a5e1-41bc-83fc-c66cf028fbec,1,90,40,90,50
860f8abd-c32f-433c-88f8-87696b0680e1,ab175f3e-af47-4b45-8d66-ffec64ce0555,78b4247b-30ae-4dc8-8158-5bd2865aabaf,1,200,90,200,110
a0331c01-73bc-4879-a23d-4ca8f459ba97,ab175f3e-af47-4b45-8d66-ffec64ce0555,dadd129a-b601-45f4-94a5-9abff83aab75,2,450,220,900,460
40cb6ca1-d14f-42fe-a6b8-b5d29c6521f6,c1c10728-7d19-48dd-b46a-07dd85bef9d0,baf6ae6a-74ae-4ad1-98a7-4d1e077a17ee,1,130,60,130,70
f540ee15-90d1-4725-b427-ba589c35bc41,c1c10728-7d19-48dd-b46a-07dd85bef9d0,269d3622-1038-41fe-9e5d-315b9e7121b0,2,150,70,300,160
eb5c05b9-66c3-417b-a2f6-7ba29dd9b32f,c1c10728-7d19-48dd-b46a-07dd85bef9d0,3ddca969-7632-4571-9574-c0e317819367,2,80,30,160,100
53e73975-c462-4fe5-a2d3-492ff20774a9,c1c10728-7d19-48dd-b46a-07dd85bef9d0,3ddca969-7632-4571-9574-c0e317819367,3,80,30,240,150
2ac0ea58-6026-44e9-932b-f2877ec61daf,aead984c-60d9-43f6-bcf2-5d5016c6349e,21848c5e-ea64-4f62-b45b-d77dd9149407,1,110,45,110,65
4cffa2fc-45e7-4a66-966a-efff96a05e6b,aead984c-60d9-43f6-bcf2-5d5016c6349e,3ddca969-7632-4571-9574-c0e317819367,2,80,30,160,100
51ca2f56-54cc-4935-88c6-78537b0840af,aead984c-60d9-43f6-bcf2-5d5016c6349e,baf6ae6a-74ae-4ad1-98a7-4d1e077a17ee,1,130,60,130,70
6e329dbd-5033-467f-a459-e245f282ee03,9024a523-3aa9-42d9-809b-74a730c49612,78b4247b-30ae-4dc8-8158-5bd2865aabaf,2,200,90,400,220
cf4f9151-db18-48f3-a34f-7f55d0de4cbf,9024a523-3aa9-42d9-809b-74a730c49612,269d3622-1038-41fe-9e5d-315b9e7121b0,1,150,70,150,80
9a2ddfee-4959-4450-869a-f96313175c23,ddac2bfb-a594-4b60-b98d-986e99152485,baf6ae6a-74ae-4ad1-98a7-4d1e077a17ee,3,130,60,390,210
9c69e17c-ef30-44b1-827d-dc664192e0d6,ddac2bfb-a594-4b60-b98d-986e99152485,cbf3e345-fe59-463e-8740-a4aef117a187,1,1200,800,1200,400
978e905c-72d9-40a2-99ed-116d80c46607,64278f6b-9789-4b1b-b663-fd7f703b6f28,21848c5e-ea64-4f62-b45b-d77dd9149407,3,110,45,330,195
dedce908-c429-43cd-a409-240edce1705b,77b74fea-9edb-4c46-8e5d-406af67cf844,3ddca969-7632-4571-9574-c0e317819367,2,80,30,160,100
4267c64e-0f8c-4d34-b009-1c6a41029a3b,cc06b2f1-d753-4147-9f85-626bcab38291,dadd129a-b601-45f4-94a5-9abff83aab75,1,450,220,450,230
e6ec3f0b-4786-4eeb-ad96-2a68ca635ab9,cc06b2f1-d753-4147-9f85-626bcab38291,baf6ae6a-74ae-4ad1-98a7-4d1e077a17ee,1,130,60,130,70
31985b11-cfe4-4364-b842-c75c0407f0e1,cc06b2f1-d753-4147-9f85-626bcab38291,baf6ae6a-74ae-4ad1-98a7-4d1e077a17ee,1,130,60,130,70
377f7af5-32d1-492e-87a9-d4cdc891a6cd,92617c2a-d9de-4ad4-9422-96bea791d4de,78b4247b-30ae-4dc8-8158-5bd2865aabaf,3,200,90,600,330
d4eb7c38-2305-4a31-bcbf-cea2047c34e9,92617c2a-d9de-4ad4-9422-96bea791d4de,78b4247b-30ae-4dc8-8158-5bd2865aabaf,1,200,90,200,110
2feaa4ed-439d-4320-85e2-67cf09bb2015,f0351f46-d1dc-4a64-a980-6ab35b502ad1,269d3622-1038-41fe-9e5d-315b9e7121b0,2,150,70,300,160
59ee8eb2-f55d-4523-891b-f3b2771876f8,f0351f46-d1dc-4a64-a980-6ab35b502ad1,59980d93-a5e1-41bc-83fc-c66cf028fbec,2,90,40,180,100
6e57e959-22ee-4c43-965c-7518a7fa9866,488901dc-11d3-463f-93ea-be4a08419161,59980d93-a5e1-41bc-83fc-c66cf028fbec,3,90,40,270,150
3e167dbe-66a7-4616-b541-98fb3df13689,488901dc-11d3-463f-93ea-be4a08419161,59980d93-a5e1-41bc-83fc-c66cf028fbec,3,90,40,270,150
6a3511f2-bf9d-421d-8c83-ed3aa52705ee,488901dc-11d3-463f-93ea-be4a08419161,78b4247b-30ae-4dc8-8158-5bd2865aabaf,3,200,90,600,330
35de5ea9-1cae-4fc7-8ce5-1215444c945b,488901dc-11d3-463f-93ea-be4a08419161,cbf3e345-fe59-463e-8740-a4aef117a187,1,1200,800,1200,400
c193c1ff-d3cc-4a24-8daf-08ad52a44e0c,ad1c7359-a20c-4da3-b49e-0d65505c7a1f,fbac6d09-5299-43b5-90ae-7787fc248bc2,2,250,120,500,260
00c38fda-f916-41a0-8fbd-d16d885ac562,ad1c7359-a20c-4da3-b49e-0d65505c7a1f,269d3622-1038-41fe-9e5d-315b9e7121b0,3,150,70,450,240
9b83babd-2536-4d07-aba4-595c9fd450c9,ad1c7359-a20c-4da3-b49e-0d65505c7a1f,21848c5e-ea64-4f62-b45b-d77dd9149407,3,110,45,330,195
81b7fad6-89f9-443f-924a-d81fe9d2777c,b33e3036-7b3c-4cae-97e5-720a11b580ec,269d3622-1038-41fe-9e5d-315b9e7121b0,1,150,70,150,80
7ff6d0af-1d8e-466a-89d8-c3e5b583d9da,b33e3036-7b3c-4cae-97e5-720a11b580ec,269d3622-1038-41fe-9e5d-315b9e7121b0,3,150,70,450,240
01e01f35-72aa-4497-b880-e7b8b2caf9ec,b33e3036-7b3c-4cae-97e5-720a11b580ec,fbac6d09-5299-43b5-90ae-7787fc248bc2,2,250,120,500,260
f7200b45-5a17-491f-aaad-f8e697888aa9,b33e3036-7b3c-4cae-97e5-720a11b580ec,3ddca969-7632-4571-9574-c0e317819367,2,80,30,160,100
4c601df2-df88-40c0-a3d1-95f80ef1925a,0a24231c-8faa-41b7-9639-f8217b7b8ed3,3ddca969-7632-4571-9574-c0e317819367,2,80,30,160,100
3f16128d-3839-48c1-87a2-349b32a76412,0a24231c-8faa-41b7-9639-f8217b7b8ed3,dadd129a-b601-45f4-94a5-9abff83aab75,3,450,220,1350,690
ebe971bf-f20a-4b8f-b0f5-ffbc2aaf267f,0a24231c-8faa-41b7-9639-f8217b7b8ed3,baf6ae6a-74ae-4ad1-98a7-4d1e077a17ee,3,130,60,390,210
aed7fb77-fcc8-4422-a94c-d798f5f7fbd0,a2d11a4f-3bba-40dd-ab2f-65d1a7fe4db3,78b4247b-30ae-4dc8-8158-5bd2865aabaf,1,200,90,200,110
ca430231-42c1-491f-8003-3af471e0d3d6,a2d11a4f-3bba-40dd-ab2f-65d1a7fe4db3,78b4247b-30ae-4dc8-8158-5bd2865aabaf,2,200,90,400,220
3b4f7e68-49d3-42ab-9c5b-655412912177,eb64234f-cf9f-4872-94e5-e407f330d7fd,3ddca969-7632-4571-9574-c0e317819367,3,80,30,240,150
2ab38126-420f-4a36-8b8f-c7a5dde6bbd6,eb64234f-cf9f-4872-94e5-e407f330d7fd,fbac6d09-5299-43b5-90ae-7787fc248bc2,1,250,120,250,130
66f1cc11-15d8-488b-b038-cb99bbf534d7,eb64234f-cf9f-4872-94e5-e407f330d7fd,3ddca969-7632-4571-9574-c0e317819367,1,80,30,80,50
886f74d3-169d-4517-8ce1-17502c951767,ccb23728-fc79-4d00-bf0d-5c3e4ec6c11e,59980d93-a5e1-41bc-83fc-c66cf028fbec,1,90,40,90,50
e9dc470f-8986-49c3-a09d-636cf854a7fb,ccb23728-fc79-4d00-bf0d-5c3e4ec6c11e,21848c5e-ea64-4f62-b45b-d77dd9149407,2,110,45,220,130
12ea03f7-3cff-4a24-b08e-e6aeacb78cf1,ccb23728-fc79-4d00-bf0d-5c3e4ec6c11e,dadd129a-b601-45f4-94a5-9abff83aab75,2,450,220,900,460
6d606bd5-11da-4f6b-bf26-39953ac051c7,ccb23728-fc79-4d00-bf0d-5c3e4ec6c11e,78b4247b-30ae-4dc8-8158-5bd2865aabaf,2,200,90,400,220
97e66ec7-cbb0-400a-a67f-df518ff82fe1,b9d34f63-6bee-4cc4-b706-9a54937f4b53,fbac6d09-5299-43b5-90ae-7787fc248bc2,1,250,120,250,130
5199fd19-96a5-4746-8486-ec2bf8a52a93,8472c8d2-01d9-48b9-af26-d20503be1ad0,78b4247b-30ae-4dc8-8158-5bd2865aabaf,1,200,90,200,110
b96ed868-9272-485e-99fc-46c84d08fb28,8472c8d2-01d9-48b9-af26-d20503be1ad0,fbac6d09-5299-43b5-90ae-7787fc248bc2,1,250,120,250,130
e7a13921-81c7-47b8-b34f-f1075e5889ad,34cdac71-15b6-4319-bac5-998b0ed08f64,cbf3e345-fe59-463e-8740-a4aef117a187,3,1200,800,3600,1200
c6b6a01a-89ee-42f0-837f-1c71608cdd86,34cdac71-15b6-4319-bac5-998b0ed08f64,78b4247b-30ae-4dc8-8158-5bd2865aabaf,3,200,90,600,330
b385079c-eca8-4328-9199-4096ade35a13,34cdac71-15b6-4319-bac5-998b0ed08f64,59980d93-a5e1-41bc-83fc-c66cf028fbec,2,90,40,180,100
3187d44e-59de-480a-9934-319c788e88f5,3a438b82-5af5-4e12-a5ea-9085b2004b22,59980d93-a5e1-41bc-83fc-c66cf028fbec,1,90,40,90,50
c09e770e-22d5-448e-be26-64ce7a584025,3a438b82-5af5-4e12-a5ea-9085b2004b22,78b4247b-30ae-4dc8-8158-5bd2865aabaf,3,200,90,600,330
9a4d68bf-510d-48e1-9771-d099a9f8a1fb,3a438b82-5af5-4e12-a5ea-9085b2004b22,dadd129a-b601-45f4-94a5-9abff83aab75,1,450,220,450,230
c30d757b-da71-4b77-95f4-15934d2a3574,49bf4294-78d7-4853-b0ec-36b450ef001e,78b4247b-30ae-4dc8-8158-5bd2865aabaf,3,200,90,600,330
804518d1-478c-4a37-9c6b-784424c104b0,49bf4294-78d7-4853-b0ec-36b450ef001e,fbac6d09-5299-43b5-90ae-7787fc248bc2,1,250,120,250,130
61ddf647-b115-4050-a826-826423c38889,49bf4294-78d7-4853-b0ec-36b450ef001e,21848c5e-ea64-4f62-b45b-d77dd9149407,3,110,45,330,195
4d705bfa-c466-4545-b9c8-e5ba9124de74,49bf4294-78d7-4853-b0ec-36b450ef001e,fbac6d09-5299-43b5-90ae-7787fc248bc2,2,250,120,500,260
7158e195-48b5-4ec2-aaaf-73bd2b2569cc,4028ab5e-2156-4675-a591-17e8c91eadf2,21848c5e-ea64-4f62-b45b-d77dd9149407,1,110,45,110,65
e6750b6e-49e9-4f4a-a3b8-cd0a586ce9db,4028ab5e-2156-4675-a591-17e8c91eadf2,21848c5e-ea64-4f62-b45b-d77dd9149407,3,110,45,330,195
acc68c1c-9108-4009-98d4-66c5289e8cb9,ea39bdd2-adf6-4ed4-b546-c567fbc23978,dadd129a-b601-45f4-94a5-9abff83aab75,3,450,220,1350,690
8e9942ce-e16a-4c8c-9854-efcc4dd7d556,ea39bdd2-adf6-4ed4-b546-c567fbc23978,59980d93-a5e1-41bc-83fc-c66cf028fbec,1,90,40,90,50
14ca6d20-2ec6-4372-bf62-8e33ea9c81a5,ea39bdd2-adf6-4ed4-b546-c567fbc23978,21848c5e-ea64-4f62-b45b-d77dd9149407,3,110,45,330,195
640b1d00-dabd-40fa-a8c5-d3c6d05940da,ea39bdd2-adf6-4ed4-b546-c567fbc23978,269d3622-1038-41fe-9e5d-315b9e7121b0,3,150,70,450,240
3c6d24a3-e571-47f7-bbdc-48fe174ab02b,10e33c5c-adf9-444a-a6e9-a11c6ff323e3,59980d93-a5e1-41bc-83fc-c66cf028fbec,2,90,40,180,100
03a91864-12af-4bca-ae57-47b1fa5b7a5f,5c6fc014-167f-48c6-9b12-2c6529fc30e5,21848c5e-ea64-4f62-b45b-d77dd9149407,1,110,45,110,65
a893c974-0fee-411f-8e98-8fc9a59040f5,5c6fc014-167f-48c6-9b12-2c6529fc30e5,dadd129a-b601-45f4-94a5-9abff83aab75,3,450,220,1350,690
15a06520-e66e-408a-bb9f-b5a0a7b347c7,5c6fc014-167f-48c6-9b12-2c6529fc30e5,fbac6d09-5299-43b5-90ae-7787fc248bc2,1,250,120,250,130
058dd062-db35-4336-89c4-1e97b90587aa,e37c8e1b-0269-4cd2-b9ba-f1ba98288902,3ddca969-7632-4571-9574-c0e317819367,2,80,30,160,100
6e080a4f-0721-47e4-86b8-da5ffcfa4237,e37c8e1b-0269-4cd2-b9ba-f1ba98288902,fbac6d09-5299-43b5-90ae-7787fc248bc2,3,250,120,750,390
dd821e2d-e7eb-4c8d-8b4b-9d276ee8eb9c,e37c8e1b-0269-4cd2-b9ba-f1ba98288902,cbf3e345-fe59-463e-8740-a4aef117a187,3,1200,800,3600,1200
260ab580-9047-4755-a980-589265bb002e,a44d3800-cb26-477e-bf8e-0db6e5d25aa8,3ddca969-7632-4571-9574-c0e317819367,3,80,30,240,150
d1ab1197-ba71-4a67-8b97-c34647c96cab,a44d3800-cb26-477e-bf8e-0db6e5d25aa8,fbac6d09-5299-43b5-90ae-7787fc248bc2,3,250,120,750,390
a51f7617-c257-42b7-b702-d4c83edfbec2,75bd4034-8ad3-4a95-8449-a0a8d1564b6c,fbac6d09-5299-43b5-90ae-7787fc248bc2,3,250,120,750,390
f4aecd8c-9342-4656-b5ae-6948a2db4c90,75bd4034-8ad3-4a95-8449-a0a8d1564b6c,fbac6d09-5299-43b5-90ae-7787fc248bc2,2,250,120,500,260
b2760531-3968-483b-8975-8831bbf49b0e,75bd4034-8ad3-4a95-8449-a0a8d1564b6c,269d3622-1038-41fe-9e5d-315b9e7121b0,1,150,70,150,80
9dcdf244-2c79-43b3-8acb-2bdbc1324c78,9cc88313-c426-4b2e-a295-3ca1c08c4ef2,fbac6d09-5299-43b5-90ae-7787fc248bc2,3,250,120,750,390
177888d8-bbf6-41a3-ada1-2608d51aba05,07df8d5e-686a-4fc9-8874-8409878640a6,3ddca969-7632-4571-9574-c0e317819367,3,80,30,240,150
740d5d58-181e-4ff6-80fb-e3aaf2729db3,07df8d5e-686a-4fc9-8874-8409878640a6,21848c5e-ea64-4f62-b45b-d77dd9149407,1,110,45,110,65
c0680c5e-00c2-4d88-bfd4-c633c44aa9f3,07df8d5e-686a-4fc9-8874-8409878640a6,fbac6d09-5299-43b5-90ae-7787fc248bc2,3,250,120,750,390
48f7dd4f-fde0-4709-800b-8c0a0f284d1c,07df8d5e-686a-4fc9-8874-8409878640a6,dadd129a-b601-45f4-94a5-9abff83aab75,2,450,220,900,460
ccede002-cdfc-43ff-a785-466da69db404,5c31810a-0c2f-4ed9-aca8-5c66bc365cee,59980d93-a5e1-41bc-83fc-c66cf028fbec,1,90,40,90,50
ec09923e-26a5-4c3e-a9de-290b74304271,5c31810a-0c2f-4ed9-aca8-5c66bc365cee,dadd129a-b601-45f4-94a5-9abff83aab75,3,450,220,1350,690
39a88d4b-6d81-47cd-8c73-e1960ec249be,5c31810a-0c2f-4ed9-aca8-5c66bc365cee,dadd129a-b601-45f4-94a5-9abff83aab75,1,450,220,450,230
504e6d39-09cb-4d1b-83b5-dac734f8287e,b12f9338-f853-4d1d-90ec-a36cb16be801,269d3622-1038-41fe-9e5d-315b9e7121b0,1,150,70,150,80
0ebcfd82-0a58-4757-850e-08b745ff151b,c0bc49f9-89b7-4d42-8aa9-9420e5f32bee,21848c5e-ea64-4f62-b45b-d77dd9149407,3,110,45,330,195
f0299c91-460a-42a8-a1a9-8fd30de9695c,c0bc49f9-89b7-4d42-8aa9-9420e5f32bee,21848c5e-ea64-4f62-b45b-d77dd9149407,3,110,45,330,195
5bfeb8ef-a020-4a7b-8fb5-1f8017c71ef8,c0bc49f9-89b7-4d42-8aa9-9420e5f32bee,dadd129a-b601-45f4-94a5-9abff83aab75,3,450,220,1350,690
3865d90e-a8bb-4160-a1ef-9a5a8233d305,8dc6e58d-140b-42ae-8361-90ec875bab10,cbf3e345-fe59-463e-8740-a4aef117a187,1,1200,800,1200,400
17934786-867f-4145-b6bf-989384b7d1ed,8dc6e58d-140b-42ae-8361-90ec875bab10,59980d93-a5e1-41bc-83fc-c66cf028fbec,2,90,40,180,100
d699104a-1353-43f3-a9ed-fdc38e4c4510,8dc6e58d-140b-42ae-8361-90ec875bab10,21848c5e-ea64-4f62-b45b-d77dd9149407,3,110,45,330,195
030a1937-65db-4e97-a0c5-321885330fd4,8dc6e58d-140b-42ae-8361-90ec875bab10,269d3622-1038-41fe-9e5d-315b9e7121b0,3,150,70,450,240
b0fd7133-2f49-4bdc-bf8e-f822c762b90c,d88317c0-d2e3-4495-8516-c9e7ce867c25,21848c5e-ea64-4f62-b45b-d77dd9149407,3,110,45,330,195
3f45866e-5e46-4da3-87c6-d438731d663e,d88317c0-d2e3-4495-8516-c9e7ce867c25,dadd129a-b601-45f4-94a5-9abff83aab75,2,450,220,900,460
8a804ead-5e7f-4e9e-8246-d31e2815dfda,d88317c0-d2e3-4495-8516-c9e7ce867c25,59980d93-a5e1-41bc-83fc-c66cf028fbec,3,90,40,270,150
6fb70a26-2d6a-41ef-93a0-3596a5e42abb,d88317c0-d2e3-4495-8516-c9e7ce867c25,59980d93-a5e1-41bc-83fc-c66cf028fbec,1,90,40,90,50
a5aa896d-334b-440d-8e9f-118665f2c496,0289e191-ae8d-46b5-bd10-bd9bc5c7d13e,78b4247b-30ae-4dc8-8158-5bd2865aabaf,3,200,90,600,330
97fc2625-fbaf-4531-ac08-e2b19e8ee2d4,0289e191-ae8d-46b5-bd10-bd9bc5c7d13e,21848c5e-ea64-4f62-b45b-d77dd9149407,3,110,45,330,195
a0ff4357-00e4-4119-bac0-3115b5744468,7ce74862-ead4-4bf4-ac4b-f2bad497ddbf,78b4247b-30ae-4dc8-8158-5bd2865aabaf,2,200,90,400,220
19e52e52-49a4-402e-b19a-1025408c565e,7ce74862-ead4-4bf4-ac4b-f2bad497ddbf,59980d93-a5e1-41bc-83fc-c66cf028fbec,1,90,40,90,50
cba98455-823f-4eea-a7ab-1c027cee73ae,7b473837-5121-4675-8a47-76a33b81d3e4,fbac6d09-5299-43b5-90ae-7787fc248bc2,2,250,120,500,260
aef05fac-005f-4462-b4c9-7090f5bac6f1,d1cce986-b153-4874-ad22-8d7109bad144,21848c5e-ea64-4f62-b45b-d77dd9149407,3,110,45,330,195
f4d9afa4-451b-4ac3-8b39-e4124d288998,d1cce986-b153-4874-ad22-8d7109bad144,dadd129a-b601-45f4-94a5-9abff83aab75,1,450,220,450,230
ce9f32d3-64fb-4565-963c-144688b65797,610ea4e6-16fe-4e98-b5d1-44085bc09a62,dadd129a-b601-45f4-94a5-9abff83aab75,1,450,220,450,230
3855f659-d038-460c-9d1d-a9c3a475b2c9,610ea4e6-16fe-4e98-b5d1-44085bc09a62,3ddca969-7632-4571-9574-c0e317819367,2,80,30,160,100
1289ff80-3657-4638-ba77-ee96ed5f5a22,610ea4e6-16fe-4e98-b5d1-44085bc09a62,dadd129a-b601-45f4-94a5-9abff83aab75,3,450,220,1350,690
3f265bd9-28e8-4f71-a724-0bb9de1f09e0,610ea4e6-16fe-4e98-b5d1-44085bc09a62,21848c5e-ea64-4f62-b45b-d77dd9149407,3,110,45,330,195
c216780f-2548-43c2-adf8-d2070cf5c894,24ab4255-a6a5-4ca3-9cda-3dadee42ddfa,cbf3e345-fe59-463e-8740-a4aef117a187,2,1200,800,2400,800
dc8fe8ce-dcf5-4071-bad1-e9e439005f10,6e012c95-6957-49f2-b945-3bff1c281275,21848c5e-ea64-4f62-b45b-d77dd9149407,2,110,45,220,130
e9fb5dc8-f95c-4012-86ec-bb0243e10fee,6e012c95-6957-49f2-b945-3bff1c281275,21848c5e-ea64-4f62-b45b-d77dd9149407,3,110,45,330,195
459523a6-7294-4972-9f3c-acf776799354,6e012c95-6957-49f2-b945-3bff1c281275,59980d93-a5e1-41bc-83fc-c66cf028fbec,1,90,40,90,50
563d1fa4-1a84-4563-a424-d4a4b344c09c,0aaf08ef-a7f3-4328-9e5e-edce263b8e36,dadd129a-b601-45f4-94a5-9abff83aab75,1,450,220,450,230
70cd1545-e2dd-4a75-9fb1-62e114736eeb,0aaf08ef-a7f3-4328-9e5e-edce263b8e36,dadd129a-b601-45f4-94a5-9abff83aab75,3,450,220,1350,690
83f5de36-8085-4004-9b64-8f9524ba54a1,0aaf08ef-a7f3-4328-9e5e-edce263b8e36,dadd129a-b601-45f4-94a5-9abff83aab75,1,450,220,450,230
b208736d-914e-4849-b54e-6c457e77106d,74f2d6fc-3941-4c17-97f5-f9bd484003b9,269d3622-1038-41fe-9e5d-315b9e7121b0,3,150,70,450,240
2fc68119-c9c7-497d-948d-32d2192e4938,74f2d6fc-3941-4c17-97f5-f9bd484003b9,21848c5e-ea64-4f62-b45b-d77dd9149407,1,110,45,110,65
d02f36f4-2dbe-4705-8ce8-777ed5a86f62,74f2d6fc-3941-4c17-97f5-f9bd484003b9,21848c5e-ea64-4f62-b45b-d77dd9149407,3,110,45,330,195
5d9c23e3-31d0-40e1-b274-0c962e918f2b,66359720-9a05-4fa5-b107-5a8ec7a07331,baf6ae6a-74ae-4ad1-98a7-4d1e077a17ee,2,130,60,260,140
516b7b09-76ff-4203-aed3-00c5aab49d69,66359720-9a05-4fa5-b107-5a8ec7a07331,21848c5e-ea64-4f62-b45b-d77dd9149407,2,110,45,220,130
d87c9532-cdf7-4bc5-9497-638c38b60078,66359720-9a05-4fa5-b107-5a8ec7a07331,21848c5e-ea64-4f62-b45b-d77dd9149407,3,110,45,330,195
489e6ca2-e441-493b-a280-835d0a0f7c40,b25466f6-f1f7-4f91-9867-1f573b2cb399,59980d93-a5e1-41bc-83fc-c66cf028fbec,1,90,40,90,50
fa419d97-9276-4861-85ee-c6bc49c4b4c9,b25466f6-f1f7-4f91-9867-1f573b2cb399,fbac6d09-5299-43b5-90ae-7787fc248bc2,3,250,120,750,390
b0265c08-87cc-43a1-84f5-14a43e1b31a1,2464b599-e66e-4ed1-908e-66fade636f80,78b4247b-30ae-4dc8-8158-5bd2865aabaf,2,200,90,400,220
3142ea0d-4267-4518-b9ec-615630230533,2464b599-e66e-4ed1-908e-66fade636f80,3ddca969-7632-4571-9574-c0e317819367,2,80,30,160,100
87442faf-5f9f-486d-a5b9-9f376c26f99f,2464b599-e66e-4ed1-908e-66fade636f80,dadd129a-b601-45f4-94a5-9abff83aab75,3,450,220,1350,690
5a3aaf2a-9a62-4a81-8cf4-a4d0f17938e4,0e5ea47e-339b-4fa0-93c1-7baa8129ecbe,3ddca969-7632-4571-9574-c0e317819367,2,80,30,160,100
3d5fbcd2-0a04-4729-a33c-14787b203ad4,0e5ea47e-339b-4fa0-93c1-7baa8129ecbe,fbac6d09-5299-43b5-90ae-7787fc248bc2,2,250,120,500,260
20a8a00a-2ab9-4aba-be74-3ace7bc17009,0e5ea47e-339b-4fa0-93c1-7baa8129ecbe,3ddca969-7632-4571-9574-c0e317819367,1,80,30,80,50
8b0f08ae-dba9-4b5c-aa8c-3e86d9162921,0e5ea47e-339b-4fa0-93c1-7baa8129ecbe,baf6ae6a-74ae-4ad1-98a7-4d1e077a17ee,3,130,60,390,210
4bb82d8f-be83-49f1-b0e1-ed409f4830fe,fbc1b96a-881b-4b0e-8c1e-46443b990fb2,3ddca969-7632-4571-9574-c0e317819367,1,80,30,80,50
e89dd99a-dd2d-433c-a8fb-3e4078ef558f,fbc1b96a-881b-4b0e-8c1e-46443b990fb2,269d3622-1038-41fe-9e5d-315b9e7121b0,3,150,70,450,240
6f4178c2-3afe-4e65-9e12-31f85115e471,fbc1b96a-881b-4b0e-8c1e-46443b990fb2,59980d93-a5e1-41bc-83fc-c66cf028fbec,2,90,40,180,100
bf559f8e-228f-4f8a-846d-34f74d251705,fe668926-b2e4-49c2-a99b-cbe2d05e7d50,fbac6d09-5299-43b5-90ae-7787fc248bc2,1,250,120,250,130
12d054de-c390-43c1-b67a-85f953f52f70,fe668926-b2e4-49c2-a99b-cbe2d05e7d50,3ddca969-7632-4571-9574-c0e317819367,3,80,30,240,150
f463b2e3-871c-4732-9108-02c0fdfec606,fe668926-b2e4-49c2-a99b-cbe2d05e7d50,21848c5e-ea64-4f62-b45b-d77dd9149407,2,110,45,220,130
a10f065d-35da-4a5b-916f-0611c2c482c7,e9f40716-8d88-48c0-9ab6-a37621329591,59980d93-a5e1-41bc-83fc-c66cf028fbec,1,90,40,90,50
3ef3519c-024c-45c3-b1c3-7d391953b546,00673b4c-6c85-45e1-8f20-259ea8ff2148,cbf3e345-fe59-463e-8740-a4aef117a187,2,1200,800,2400,800
803be67f-735a-4f82-a558-ffba8ba369ca,00673b4c-6c85-45e1-8f20-259ea8ff2148,dadd129a-b601-45f4-94a5-9abff83aab75,1,450,220,450,230
b7c597c1-257a-43c3-8755-ec66f39f1766,00673b4c-6c85-45e1-8f20-259ea8ff2148,baf6ae6a-74ae-4ad1-98a7-4d1e077a17ee,1,130,60,130,70
462b9165-a37f-448f-9729-ba7952bb6e7b,98f11db2-fa40-4c4e-933f-0e261ce1210f,baf6ae6a-74ae-4ad1-98a7-4d1e077a17ee,3,130,60,390,210
11913a88-ede0-4e3d-8429-a0944df25054,98f11db2-fa40-4c4e-933f-0e261ce1210f,59980d93-a5e1-41bc-83fc-c66cf028fbec,1,90,40,90,50
95df4d61-ddbd-45b6-ae1c-dfe39d989d76,98f11db2-fa40-4c4e-933f-0e261ce1210f,21848c5e-ea64-4f62-b45b-d77dd9149407,2,110,45,220,130
2076bc17-4678-4651-9787-b8c9dcfed0a9,98f11db2-fa40-4c4e-933f-0e261ce1210f,59980d93-a5e1-41bc-83fc-c66cf028fbec,3,90,40,270,150
dc049d70-b405-468b-a98d-9e9f19f8434a,6069b197-ef33-4a40-b2e8-36020092abe9,baf6ae6a-74ae-4ad1-98a7-4d1e077a17ee,2,130,60,260,140
d38a4a7f-e2b9-4b32-a62c-b72fbc671d4d,484e437d-2df0-4953-a379-04f2bb92a449,59980d93-a5e1-41bc-83fc-c66cf028fbec,3,90,40,270,150
51687811-3990-4772-8d0a-f0d9ad0ded49,484e437d-2df0-4953-a379-04f2bb92a449,3ddca969-7632-4571-9574-c0e317819367,1,80,30,80,50
8bedcef7-3bf3-4db4-8dcd-d3063e341d63,8a10e556-4c99-4aba-8033-960de7706d94,cbf3e345-fe59-463e-8740-a4aef117a187,3,1200,800,3600,1200
3e653ac5-0d02-4eb8-b308-88a12c8555fd,8a10e556-4c99-4aba-8033-960de7706d94,cbf3e345-fe59-463e-8740-a4aef117a187,2,1200,800,2400,800
aecc668f-d267-468f-8c54-c724abc8d748,8a10e556-4c99-4aba-8033-960de7706d94,cbf3e345-fe59-463e-8740-a4aef117a187,1,1200,800,1200,400
f3677172-9257-4a36-adc8-131379e09e25,b4c3e062-5a9d-4168-b9e2-45a37d95833b,269d3622-1038-41fe-9e5d-315b9e7121b0,2,150,70,300,160
f3962e8c-e060-43fe-8758-fd937f090673,8f4425be-1183-42ae-96e2-a72ccb1e6e81,78b4247b-30ae-4dc8-8158-5bd2865aabaf,1,200,90,200,110
ecda742d-aa8f-4d77-98fb-e6410d576729,8f4425be-1183-42ae-96e2-a72ccb1e6e81,3ddca969-7632-4571-9574-c0e317819367,3,80,30,240,150
4e3526ab-197d-4453-bb16-209e1027a579,f8bf7e5f-de2c-4a0f-a54f-785a6e0825da,dadd129a-b601-45f4-94a5-9abff83aab75,1,450,220,450,230
783af869-0174-40b5-8d3b-c108fea410fd,f8bf7e5f-de2c-4a0f-a54f-785a6e0825da,78b4247b-30ae-4dc8-8158-5bd2865aabaf,1,200,90,200,110
e2c5912e-332a-487b-8536-d1d9a1d1c7c6,f8bf7e5f-de2c-4a0f-a54f-785a6e0825da,21848c5e-ea64-4f62-b45b-d77dd9149407,2,110,45,220,130
b3beb6fb-4f0b-452d-8b3a-91ec09f374e1,f8bf7e5f-de2c-4a0f-a54f-785a6e0825da,269d3622-1038-41fe-9e5d-315b9e7121b0,3,150,70,450,240
ba185b45-8dc8-4d37-9fd0-ad47e85dc195,6611b185-1e59-499c-abae-5ec99d4b3dce,59980d93-a5e1-41bc-83fc-c66cf028fbec,2,90,40,180,100
17791ad6-2477-4ea3-aa98-6b8b1e0559d2,6611b185-1e59-499c-abae-5ec99d4b3dce,78b4247b-30ae-4dc8-8158-5bd2865aabaf,3,200,90,600,330
e0029a5c-65d5-49be-828c-5094c08c2964,6611b185-1e59-499c-abae-5ec99d4b3dce,3ddca969-7632-4571-9574-c0e317819367,2,80,30,160,100
7066bcdb-ea53-4684-9125-0c957ff61d87,6611b185-1e59-499c-abae-5ec99d4b3dce,baf6ae6a-74ae-4ad1-98a7-4d1e077a17ee,1,130,60,130,70
53551b17-704d-474a-b328-e65ea9d84a3a,0fd3b397-4286-4948-a6cb-d31bd64882fa,59980d93-a5e1-41bc-83fc-c66cf028fbec,2,90,40,180,100
6ec0ab35-5fdc-48cc-ae48-2b09038d722e,0fd3b397-4286-4948-a6cb-d31bd64882fa,baf6ae6a-74ae-4ad1-98a7-4d1e077a17ee,1,130,60,130,70
ac9c56b4-cf21-4630-8286-132f106eee33,59653741-b322-484a-b52e-4ca17d3c3ec8,78b4247b-30ae-4dc8-8158-5bd2865aabaf,3,200,90,600,330
b7262bd3-11d4-4565-ab55-41978eb14cbc,59653741-b322-484a-b52e-4ca17d3c3ec8,dadd129a-b601-45f4-94a5-9abff83aab75,1,450,220,450,230
bb11c5e2-3ee2-459d-9272-0994dab2f487,59653741-b322-484a-b52e-4ca17d3c3ec8,baf6ae6a-74ae-4ad1-98a7-4d1e077a17ee,3,130,60,390,210
4e4f775b-978a-470b-8d27-9589f878edd8,e786c5fe-de79-4ce1-8efa-13f0a852c0a7,fbac6d09-5299-43b5-90ae-7787fc248bc2,1,250,120,250,130
9c94d762-770e-43e8-9f21-8cc86c00a17d,e786c5fe-de79-4ce1-8efa-13f0a852c0a7,fbac6d09-5299-43b5-90ae-7787fc248bc2,3,250,120,750,390
5b89f6c9-7235-444e-b3f1-13dd069058ac,12bdf777-e688-4f20-8299-3bd741386ff5,baf6ae6a-74ae-4ad1-98a7-4d1e077a17ee,2,130,60,260,140
3a42d9b6-596d-4336-bf04-bfa292f4a8cd,12bdf777-e688-4f20-8299-3bd741386ff5,fbac6d09-5299-43b5-90ae-7787fc248bc2,3,250,120,750,390
1e2d2552-fc84-4627-8ff4-5cefcb6632be,0b3952f5-2a9d-427d-87d7-d713b9d38fa2,dadd129a-b601-45f4-94a5-9abff83aab75,3,450,220,1350,690
d4b4eef6-54b4-47e4-8895-51705ebafb3c,0b3952f5-2a9d-427d-87d7-d713b9d38fa2,78b4247b-30ae-4dc8-8158-5bd2865aabaf,2,200,90,400,220
48839cd4-96b4-40e0-8248-bdac13b43e64,0b3952f5-2a9d-427d-87d7-d713b9d38fa2,269d3622-1038-41fe-9e5d-315b9e7121b0,3,150,70,450,240
447e3e3f-7122-413e-b854-4ee7b933da0a,0b3952f5-2a9d-427d-87d7-d713b9d38fa2,cbf3e345-fe59-463e-8740-a4aef117a187,3,1200,800,3600,1200
e89cf4bf-24d4-4fb8-ab22-711da57f1419,c7d2f190-5e2d-44a9-89dd-f37e095f56bf,fbac6d09-5299-43b5-90ae-7787fc248bc2,2,250,120,500,260
4c3fd774-b3db-471f-81d4-adaf46994be0,c7d2f190-5e2d-44a9-89dd-f37e095f56bf,78b4247b-30ae-4dc8-8158-5bd2865aabaf,3,200,90,600,330
258dff55-a7c9-4526-a93a-8453f9e0ec66,a666c25b-4042-47ef-8192-bd1b9fafecce,dadd129a-b601-45f4-94a5-9abff83aab75,1,450,220,450,230
864d0e7c-90b4-4ce4-9b67-4cc9b727f432,6d178334-9de4-43ab-9914-0dbdf8622619,21848c5e-ea64-4f62-b45b-d77dd9149407,2,110,45,220,130
1455666a-c980-46fa-b381-6926e06a6bff,6d178334-9de4-43ab-9914-0dbdf8622619,dadd129a-b601-45f4-94a5-9abff83aab75,3,450,220,1350,690
493a7480-126d-45bc-b670-9a328a43fbba,6d178334-9de4-43ab-9914-0dbdf8622619,fbac6d09-5299-43b5-90ae-7787fc248bc2,2,250,120,500,260
2f64a8b5-81e5-426d-bb0b-2c70c0f261c3,a2cca188-876f-4244-9c7f-99593cb28980,baf6ae6a-74ae-4ad1-98a7-4d1e077a17ee,3,130,60,390,210
d9e40ee6-22b7-47ea-8bf4-f0db6ba5f22f,a2cca188-876f-4244-9c7f-99593cb28980,3ddca969-7632-4571-9574-c0e317819367,1,80,30,80,50
91c91529-6a94-4dca-8472-79310c6f102c,a2cca188-876f-4244-9c7f-99593cb28980,cbf3e345-fe59-463e-8740-a4aef117a187,2,1200,800,2400,800
46797db7-e535-4940-aaa6-e18b51c885d2,d3ee96ea-f5e4-4889-85c8-7f570b97d065,fbac6d09-5299-43b5-90ae-7787fc248bc2,3,250,120,750,390
74ae8c48-63e3-4224-9691-4f0aff05d862,582ff932-fa24-458b-bfc6-e7444497850f,269d3622-1038-41fe-9e5d-315b9e7121b0,2,150,70,300,160
a147a203-c601-4399-bd3f-0a03eb1e32cf,582ff932-fa24-458b-bfc6-e7444497850f,3ddca969-7632-4571-9574-c0e317819367,2,80,30,160,100
87cd920b-7a4c-449b-bf1d-33fcb2d03022,582ff932-fa24-458b-bfc6-e7444497850f,3ddca969-7632-4571-9574-c0e317819367,3,80,30,240,150
b720c04a-a8a8-4115-a303-071892ecb10e,582ff932-fa24-458b-bfc6-e7444497850f,78b4247b-30ae-4dc8-8158-5bd2865aabaf,3,200,90,600,330
fc0c2f63-111f-4d81-97d7-5455b8b60762,2d76613c-e955-4d09-9d43-22e63d0be60a,21848c5e-ea64-4f62-b45b-d77dd9149407,2,110,45,220,130
7df9b602-fd8c-4d32-89bb-18ea0a13e521,2d76613c-e955-4d09-9d43-22e63d0be60a,dadd129a-b601-45f4-94a5-9abff83aab75,1,450,220,450,230
26ea5c88-ca3d-4fb0-b148-f2c08a43e236,2d76613c-e955-4d09-9d43-22e63d0be60a,78b4247b-30ae-4dc8-8158-5bd2865aabaf,2,200,90,400,220
d13abea3-818e-486f-ba62-f78a20492af9,0083913f-c59d-4221-97ba-5e832897cb7b,baf6ae6a-74ae-4ad1-98a7-4d1e077a17ee,3,130,60,390,210
fedb437a-d70f-486e-b293-49e198b01a2e,0083913f-c59d-4221-97ba-5e832897cb7b,21848c5e-ea64-4f62-b45b-d77dd9149407,2,110,45,220,130
53ba7211-d617-489a-aa62-12d743cd5bd6,820b60f6-9a83-455f-a11e-316ff6d39950,78b4247b-30ae-4dc8-8158-5bd2865aabaf,2,200,90,400,220
49bf2558-c20d-42f5-a8af-eecdeb150851,820b60f6-9a83-455f-a11e-316ff6d39950,3ddca969-7632-4571-9574-c0e317819367,3,80,30,240,150
c89f2fa3-fe7b-4c0c-a843-2ee55c223d19,ff785467-95c9-4851-8985-7e475bf65481,3ddca969-7632-4571-9574-c0e317819367,3,80,30,240,150
b7a53d92-807d-4e00-8a96-20976bf543f9,f26a4ac9-b169-4247-8fd6-dd68385404c1,cbf3e345-fe59-463e-8740-a4aef117a187,3,1200,800,3600,1200
c023892d-8dd7-454b-b398-c783454f7418,25bb5b3a-43ce-4c44-9bf1-7ee51a560b26,3ddca969-7632-4571-9574-c0e317819367,1,80,30,80,50
d545965c-ae7f-4cf7-970b-1898c93d66ae,25bb5b3a-43ce-4c44-9bf1-7ee51a560b26,cbf3e345-fe59-463e-8740-a4aef117a187,1,1200,800,1200,400
83ba3333-e2b9-406b-aab5-ecf1a754a3bf,25bb5b3a-43ce-4c44-9bf1-7ee51a560b26,269d3622-1038-41fe-9e5d-315b9e7121b0,2,150,70,300,160
9f423eb8-c772-4e6c-ab65-cef1e405c679,c4d5b27e-a316-4441-9f7f-e63f5f55d4af,269d3622-1038-41fe-9e5d-315b9e7121b0,3,150,70,450,240
17283298-6ec7-483f-bdfb-ea26577d8d7c,c4d5b27e-a316-4441-9f7f-e63f5f55d4af,269d3622-1038-41fe-9e5d-315b9e7121b0,3,150,70,450,240
663a3cfe-4f28-4c41-b584-3f087b4a9087,c4d5b27e-a316-4441-9f7f-e63f5f55d4af,fbac6d09-5299-43b5-90ae-7787fc248bc2,2,250,120,500,260
36b557c8-9761-4585-85ee-50f89e8cb17c,60fcb8c6-aa4b-42dc-a627-d1c6a71670b0,3ddca969-7632-4571-9574-c0e317819367,1,80,30,80,50
4f7645fe-0ea4-4669-a716-a6fc819ce5b6,60fcb8c6-aa4b-42dc-a627-d1c6a71670b0,3ddca969-7632-4571-9574-c0e317819367,2,80,30,160,100
7d928a9d-d608-44b9-a536-b5e75d52898d,60fcb8c6-aa4b-42dc-a627-d1c6a71670b0,dadd129a-b601-45f4-94a5-9abff83aab75,3,450,220,1350,690
4ea0cba9-b8f9-4a08-a170-7ba140c283d4,60fcb8c6-aa4b-42dc-a627-d1c6a71670b0,baf6ae6a-74ae-4ad1-98a7-4d1e077a17ee,2,130,60,260,140
38519a87-d3b6-4cdb-8c2e-84d0dd21cb43,b59d13d7-eeb5-4bb9-8197-9d48859b652f,21848c5e-ea64-4f62-b45b-d77dd9149407,3,110,45,330,195
b360f853-a55c-4338-aa8d-6e0a87698135,b59d13d7-eeb5-4bb9-8197-9d48859b652f,269d3622-1038-41fe-9e5d-315b9e7121b0,3,150,70,450,240
18e240fd-265b-4e39-bbdc-4ec5703b8f3b,b59d13d7-eeb5-4bb9-8197-9d48859b652f,baf6ae6a-74ae-4ad1-98a7-4d1e077a17ee,2,130,60,260,140
e389756d-d3a9-4c4f-8a82-d4aff99f1cd2,b59d13d7-eeb5-4bb9-8197-9d48859b652f,fbac6d09-5299-43b5-90ae-7787fc248bc2,2,250,120,500,260
7e65258c-7edb-4a62-86bb-b966c5c61437,c9f25154-03c5-4ebb-be81-9a5bbd2a1ca1,fbac6d09-5299-43b5-90ae-7787fc248bc2,3,250,120,750,390
f475cb1f-7106-412b-be04-84657c1e2e96,c9f25154-03c5-4ebb-be81-9a5bbd2a1ca1,3ddca969-7632-4571-9574-c0e317819367,3,80,30,240,150
eaf59695-0a0f-4931-be57-1f8533cfc499,aacf16da-b8e8-4ca7-ba0d-09797b0caffe,fbac6d09-5299-43b5-90ae-7787fc248bc2,2,250,120,500,260
b40addbd-b1f8-4b67-98fe-c32dd3f46d12,aacf16da-b8e8-4ca7-ba0d-09797b0caffe,3ddca969-7632-4571-9574-c0e317819367,3,80,30,240,150
6e5229b9-2765-49fd-b95c-4afb9953d031,aacf16da-b8e8-4ca7-ba0d-09797b0caffe,dadd129a-b601-45f4-94a5-9abff83aab75,2,450,220,900,460
3672d285-1bb9-4779-b5fc-d4c25fdf5d4b,cd379b10-cac4-4b6f-aff8-b5acc95daf61,269d3622-1038-41fe-9e5d-315b9e7121b0,3,150,70,450,240
e5125733-2f93-48b9-bdc7-b301007c649a,0a940efd-da0d-44c5-86fb-760d1a9a0780,dadd129a-b601-45f4-94a5-9abff83aab75,1,450,220,450,230
6bc1f7a5-83ff-40d7-904f-9f189f71f25a,0a940efd-da0d-44c5-86fb-760d1a9a0780,269d3622-1038-41fe-9e5d-315b9e7121b0,3,150,70,450,240
0662afda-d3e8-4689-9779-377577210d15,0a940efd-da0d-44c5-86fb-760d1a9a0780,fbac6d09-5299-43b5-90ae-7787fc248bc2,1,250,120,250,130
930702df-d231-434a-8999-62fac7c57f57,0284827f-0cac-4e19-9247-27dfc53b9d70,dadd129a-b601-45f4-94a5-9abff83aab75,2,450,220,900,460
6f1afb95-ae7a-4322-8b0e-98041742e15a,0284827f-0cac-4e19-9247-27dfc53b9d70,cbf3e345-fe59-463e-8740-a4aef117a187,2,1200,800,2400,800
ea3078a3-d231-4c30-8446-2bf36119cb01,6602037b-c141-409d-8908-a73ebcb3042b,269d3622-1038-41fe-9e5d-315b9e7121b0,2,150,70,300,160
b0b76bd4-cea2-4d46-a44b-bd1c7b9e898f,6602037b-c141-409d-8908-a73ebcb3042b,3ddca969-7632-4571-9574-c0e317819367,1,80,30,80,50
69d2efbd-36fa-45b1-9c85-c15757faf2ea,2243f9e2-f9e4-4c80-89e5-d8bca31af79b,3ddca969-7632-4571-9574-c0e317819367,2,80,30,160,100
e8551b44-daac-4a01-b38f-600e41314b32,2243f9e2-f9e4-4c80-89e5-d8bca31af79b,21848c5e-ea64-4f62-b45b-d77dd9149407,3,110,45,330,195
8fdacdb6-7681-4ecc-afaf-84c4a242ae9a,2243f9e2-f9e4-4c80-89e5-d8bca31af79b,fbac6d09-5299-43b5-90ae-7787fc248bc2,1,250,120,250,130
e3c64e9e-c0b3-4bec-a7a9-0017630ff7db,6d4382a4-ae38-4d37-a023-3772c2a99a2d,269d3622-1038-41fe-9e5d-315b9e7121b0,2,150,70,300,160
93bb1c7b-2316-491a-9c8b-46e1691f1e58,6d4382a4-ae38-4d37-a023-3772c2a99a2d,78b4247b-30ae-4dc8-8158-5bd2865aabaf,1,200,90,200,110
e52e6d75-1581-402c-a249-68a1160d420a,6d4382a4-ae38-4d37-a023-3772c2a99a2d,78b4247b-30ae-4dc8-8158-5bd2865aabaf,3,200,90,600,330
0cb62c4b-9c00-4971-a416-7a339e11581e,8487ba0e-5572-4cfd-bc5e-03d6fa485257,cbf3e345-fe59-463e-8740-a4aef117a187,3,1200,800,3600,1200
47b5612c-7658-485d-8e97-b65625f775f7,8487ba0e-5572-4cfd-bc5e-03d6fa485257,78b4247b-30ae-4dc8-8158-5bd2865aabaf,1,200,90,200,110
559078a4-a0ad-4b9e-8aca-889c4afaf698,8487ba0e-5572-4cfd-bc5e-03d6fa485257,269d3622-1038-41fe-9e5d-315b9e7121b0,3,150,70,450,240
eff4b202-86c9-430d-8b6d-93248523ac8b,8487ba0e-5572-4cfd-bc5e-03d6fa485257,3ddca969-7632-4571-9574-c0e317819367,3,80,30,240,150
36ac2e3e-9ff5-42ff-8935-6323055559cf,b0d2fad8-623d-47ab-b4d0-216150739f25,269d3622-1038-41fe-9e5d-315b9e7121b0,1,150,70,150,80
b6034193-608c-4cc5-83e6-0bcbb72ab4e7,b0d2fad8-623d-47ab-b4d0-216150739f25,baf6ae6a-74ae-4ad1-98a7-4d1e077a17ee,1,130,60,130,70
dcae6563-1d68-41fe-b08e-6d0d23eb9a5f,203e6b0d-c4fe-41a3-850e-b91e216ca46d,78b4247b-30ae-4dc8-8158-5bd2865aabaf,2,200,90,400,220
ef10ee23-b860-4458-a643-d54ab904254a,203e6b0d-c4fe-41a3-850e-b91e216ca46d,baf6ae6a-74ae-4ad1-98a7-4d1e077a17ee,1,130,60,130,70
5b9a0c9f-34c8-40f5-83a9-8cd629fd5fc9,203e6b0d-c4fe-41a3-850e-b91e216ca46d,3ddca969-7632-4571-9574-c0e317819367,2,80,30,160,100
ece23877-d9dd-4028-99db-ad00198c4517,203e6b0d-c4fe-41a3-850e-b91e216ca46d,cbf3e345-fe59-463e-8740-a4aef117a187,3,1200,800,3600,1200
39717654-a8b1-40d5-a215-67cd346a8cba,3e799512-31de-4609-8047-281b8d82bc52,fbac6d09-5299-43b5-90ae-7787fc248bc2,2,250,120,500,260
9e6a3c4f-51eb-4a55-a538-56d319b40469,3e799512-31de-4609-8047-281b8d82bc52,cbf3e345-fe59-463e-8740-a4aef117a187,2,1200,800,2400,800
ab096ff9-6c83-4d98-8616-7026bd26f1de,fac7bbc5-5830-440a-a56b-699eec4202ca,cbf3e345-fe59-463e-8740-a4aef117a187,1,1200,800,1200,400
30142cdf-a379-4eb9-93db-9296c11de0dd,fac7bbc5-5830-440a-a56b-699eec4202ca,3ddca969-7632-4571-9574-c0e317819367,2,80,30,160,100
b00695ef-d792-4bd1-ba1f-13c1230007fe,fac7bbc5-5830-440a-a56b-699eec4202ca,baf6ae6a-74ae-4ad1-98a7-4d1e077a17ee,3,130,60,390,210
dedc57c8-e30e-48f9-b9ee-321e38ff2c92,8d4e6e60-57d8-41f2-ab78-94b3aeba4e59,fbac6d09-5299-43b5-90ae-7787fc248bc2,2,250,120,500,260
e491a9ee-0ba9-45a2-acf6-5eb6a0b94bca,8d4e6e60-57d8-41f2-ab78-94b3aeba4e59,269d3622-1038-41fe-9e5d-315b9e7121b0,3,150,70,450,240
e9ce8b0b-5506-435a-b50c-fc93bbed3b38,8d4e6e60-57d8-41f2-ab78-94b3aeba4e59,dadd129a-b601-45f4-94a5-9abff83aab75,1,450,220,450,230
da47e2d4-0fc0-425f-bb2e-1f62c1a33271,8d4e6e60-57d8-41f2-ab78-94b3aeba4e59,21848c5e-ea64-4f62-b45b-d77dd9149407,1,110,45,110,65
de223b37-cdbe-4e0c-8b30-764baf9f5339,9adeb939-6579-4a90-ba7f-93da0c5d0663,21848c5e-ea64-4f62-b45b-d77dd9149407,1,110,45,110,65
cff95ca2-7cd2-4773-a171-144626885817,9adeb939-6579-4a90-ba7f-93da0c5d0663,269d3622-1038-41fe-9e5d-315b9e7121b0,3,150,70,450,240
b37da250-cbfa-4ad7-9d20-2a8835294206,721d6295-9cdc-4de9-8503-cb9056c012fe,78b4247b-30ae-4dc8-8158-5bd2865aabaf,2,200,90,400,220
b5995067-4854-4343-9985-a599ed3e297d,721d6295-9cdc-4de9-8503-cb9056c012fe,78b4247b-30ae-4dc8-8158-5bd2865aabaf,2,200,90,400,220
e512e792-04eb-4944-84b5-46705df8a059,721d6295-9cdc-4de9-8503-cb9056c012fe,3ddca969-7632-4571-9574-c0e317819367,2,80,30,160,100
92ff6d62-f3a0-4695-8dad-11f4f7fa8c1b,721d6295-9cdc-4de9-8503-cb9056c012fe,78b4247b-30ae-4dc8-8158-5bd2865aabaf,2,200,90,400,220
122f47c7-c1a0-470f-af2c-397874238fc0,464272c4-ea68-4d3e-899b-2fa68f2e86e2,269d3622-1038-41fe-9e5d-315b9e7121b0,1,150,70,150,80
0de63d70-c3b2-4581-adf1-27b227d8b544,464272c4-ea68-4d3e-899b-2fa68f2e86e2,cbf3e345-fe59-463e-8740-a4aef117a187,1,1200,800,1200,400
c648bfe6-841d-46bc-8d95-0675e1f552fb,e6449b25-05a4-4f75-a03d-42b728cafde2,dadd129a-b601-45f4-94a5-9abff83aab75,1,450,220,450,230
c9679d81-1b5f-480f-bc74-c5c9a4f7358b,e6449b25-05a4-4f75-a03d-42b728cafde2,21848c5e-ea64-4f62-b45b-d77dd9149407,1,110,45,110,65
aee8d01c-b09e-4771-a5dd-98659341fd41,e6449b25-05a4-4f75-a03d-42b728cafde2,dadd129a-b601-45f4-94a5-9abff83aab75,1,450,220,450,230
cbd22cc2-2c69-4a99-8d5a-37eaf3932920,e6449b25-05a4-4f75-a03d-42b728cafde2,baf6ae6a-74ae-4ad1-98a7-4d1e077a17ee,3,130,60,390,210
49b27a32-f366-494c-ad27-0fa202a9aca7,6895af2c-4263-42ee-9ae3-a5c487705720,78b4247b-30ae-4dc8-8158-5bd2865aabaf,2,200,90,400,220
ece256a1-db85-4007-92be-e94ecc7a0103,6895af2c-4263-42ee-9ae3-a5c487705720,21848c5e-ea64-4f62-b45b-d77dd9149407,1,110,45,110,65
05f16083-a60b-4eef-8e7b-de326ca9c121,6895af2c-4263-42ee-9ae3-a5c487705720,fbac6d09-5299-43b5-90ae-7787fc248bc2,2,250,120,500,260
1849044e-3168-473a-8bb4-1c0e3327d856,6895af2c-4263-42ee-9ae3-a5c487705720,cbf3e345-fe59-463e-8740-a4aef117a187,1,1200,800,1200,400
afdf39dc-5fbc-4c06-8e8c-18a1d5c512b0,994ca2f9-6669-466a-ab86-66547ff1d155,269d3622-1038-41fe-9e5d-315b9e7121b0,1,150,70,150,80
195e88f1-e0c7-4599-b48b-33d7d1f0f4a0,994ca2f9-6669-466a-ab86-66547ff1d155,fbac6d09-5299-43b5-90ae-7787fc248bc2,1,250,120,250,130
7fee5de8-48cc-443e-8b13-d97c91dd2fe8,994ca2f9-6669-466a-ab86-66547ff1d155,cbf3e345-fe59-463e-8740-a4aef117a187,2,1200,800,2400,800
fab33581-d17c-4cd0-ae7f-4fd146fc633d,f94d3a07-855d-4216-87e6-2fc81b807fa2,269d3622-1038-41fe-9e5d-315b9e7121b0,1,150,70,150,80
8e17b051-7672-4975-a541-16a16c8ebced,44b538f3-afbe-4ee9-82fc-816cb92041c9,cbf3e345-fe59-463e-8740-a4aef117a187,3,1200,800,3600,1200
d4a6094f-5bac-4751-a3d8-a0195e33cb16,87e99458-20f6-4c0d-8af6-bd09f07efea6,59980d93-a5e1-41bc-83fc-c66cf028fbec,1,90,40,90,50
2219d0c9-2f47-41a2-b97b-4fec81530ac4,87e99458-20f6-4c0d-8af6-bd09f07efea6,21848c5e-ea64-4f62-b45b-d77dd9149407,1,110,45,110,65
caa7f7b8-e95b-49d4-a0b8-724f26317138,87e99458-20f6-4c0d-8af6-bd09f07efea6,269d3622-1038-41fe-9e5d-315b9e7121b0,2,150,70,300,160
37fa5b17-111b-4d47-9fbc-456e2a370f90,87e99458-20f6-4c0d-8af6-bd09f07efea6,baf6ae6a-74ae-4ad1-98a7-4d1e077a17ee,1,130,60,130,70
79dc8f69-c0c8-4c69-a545-7ef5be267586,34bfd774-eb26-44db-85f0-02272412e904,fbac6d09-5299-43b5-90ae-7787fc248bc2,3,250,120,750,390
d8dbdb49-f090-4211-b7c6-fa7309b2fe0d,4d196a3f-1525-4e8e-96d1-fda5ba57d618,269d3622-1038-41fe-9e5d-315b9e7121b0,2,150,70,300,160
1cb52265-0217-4c99-a637-cc530628fdd7,4d196a3f-1525-4e8e-96d1-fda5ba57d618,78b4247b-30ae-4dc8-8158-5bd2865aabaf,3,200,90,600,330
44196c06-2ebe-4d01-a495-99544cfd86a1,4d196a3f-1525-4e8e-96d1-fda5ba57d618,cbf3e345-fe59-463e-8740-a4aef117a187,1,1200,800,1200,400
d1ab442d-8081-4e83-8eee-9113204b8522,032be7cc-90c2-4558-ae39-e86cca1531f0,fbac6d09-5299-43b5-90ae-7787fc248bc2,1,250,120,250,130
b8188def-a697-4fb4-b054-aa2d2ed1722d,032be7cc-90c2-4558-ae39-e86cca1531f0,cbf3e345-fe59-463e-8740-a4aef117a187,2,1200,800,2400,800
2374dcbc-dfd9-43ef-9cef-cbad5611a504,03cf7bd4-7eff-4f3c-b3d2-a28245aa14e6,59980d93-a5e1-41bc-83fc-c66cf028fbec,2,90,40,180,100
359aa215-1f3e-4919-afa4-093e68089110,03cf7bd4-7eff-4f3c-b3d2-a28245aa14e6,269d3622-1038-41fe-9e5d-315b9e7121b0,3,150,70,450,240
72ef82a8-4fc1-4bf0-9f64-dd8be54d4f03,03cf7bd4-7eff-4f3c-b3d2-a28245aa14e6,21848c5e-ea64-4f62-b45b-d77dd9149407,1,110,45,110,65
d86194aa-10dd-4393-bf53-dd08635a433d,0e8babda-1f1e-4a7d-b1dc-33cf4655e321,cbf3e345-fe59-463e-8740-a4aef117a187,3,1200,800,3600,1200
f34fa456-4dbd-466a-8f41-b9572475c8ee,b5eb3175-02ef-4f5c-b576-69eb038f846e,3ddca969-7632-4571-9574-c0e317819367,2,80,30,160,100
f0950bb1-8c2d-4254-b0f9-d36087a820e5,b5eb3175-02ef-4f5c-b576-69eb038f846e,dadd129a-b601-45f4-94a5-9abff83aab75,1,450,220,450,230
a560fae9-36bb-49c8-ae5b-b8109616e576,4aff73ad-5f9d-46c8-a703-6bf674c74836,59980d93-a5e1-41bc-83fc-c66cf028fbec,2,90,40,180,100
689c1e7b-b039-4702-95c7-69dd17be6b78,4aff73ad-5f9d-46c8-a703-6bf674c74836,269d3622-1038-41fe-9e5d-315b9e7121b0,3,150,70,450,240
e6b85a66-dd82-4707-ae28-84f9826370b0,4aff73ad-5f9d-46c8-a703-6bf674c74836,3ddca969-7632-4571-9574-c0e317819367,2,80,30,160,100
ea4cff75-7dca-43d0-9068-265256af3527,5ab346dd-aad0-4a58-9ce8-f8995b08bc1a,baf6ae6a-74ae-4ad1-98a7-4d1e077a17ee,1,130,60,130,70
eedc82a2-fad4-4148-b5a3-c35e5fab5f17,5ab346dd-aad0-4a58-9ce8-f8995b08bc1a,269d3622-1038-41fe-9e5d-315b9e7121b0,3,150,70,450,240
c9f705d0-c1fd-4cbf-95c4-cdb37067d9f3,5ab346dd-aad0-4a58-9ce8-f8995b08bc1a,269d3622-1038-41fe-9e5d-315b9e7121b0,2,150,70,300,160
cf673582-f935-49e1-aaa0-25033aa5ef40,64779949-5cdc-4170-89c8-8d20e7779dc2,cbf3e345-fe59-463e-8740-a4aef117a187,2,1200,800,2400,800
db5e14f5-180f-408d-8d0f-bcc99320b89a,64779949-5cdc-4170-89c8-8d20e7779dc2,21848c5e-ea64-4f62-b45b-d77dd9149407,1,110,45,110,65
234d7236-907c-498d-9e2a-764d879e0abd,64779949-5cdc-4170-89c8-8d20e7779dc2,baf6ae6a-74ae-4ad1-98a7-4d1e077a17ee,1,130,60,130,70
4b9d27f1-8937-497d-9aac-c662d7597968,64779949-5cdc-4170-89c8-8d20e7779dc2,21848c5e-ea64-4f62-b45b-d77dd9149407,3,110,45,330,195
af579cca-b9fb-4f40-ac56-8f639ea15f3e,bfb3db03-df99-4537-b515-792df728258d,21848c5e-ea64-4f62-b45b-d77dd9149407,3,110,45,330,195
2a3b1cbb-c9f6-4cd0-9f29-73b7fbcfe0e2,4c6b5d58-110e-4583-b211-6a781fa18a26,3ddca969-7632-4571-9574-c0e317819367,3,80,30,240,150
67cd8379-56a4-4ee3-8bc7-f2666dd1a648,4c6b5d58-110e-4583-b211-6a781fa18a26,3ddca969-7632-4571-9574-c0e317819367,1,80,30,80,50
99c21904-2999-47bb-8d99-760c7b203bb4,f1fdfc32-7254-4d76-9bd7-3e2a26ac7f1c,cbf3e345-fe59-463e-8740-a4aef117a187,3,1200,800,3600,1200
9796dcf8-e3cf-4d94-975f-98ad3b54a421,f1fdfc32-7254-4d76-9bd7-3e2a26ac7f1c,78b4247b-30ae-4dc8-8158-5bd2865aabaf,1,200,90,200,110
0f86d8df-a95f-4939-83dd-32feb6d25100,f1fdfc32-7254-4d76-9bd7-3e2a26ac7f1c,dadd129a-b601-45f4-94a5-9abff83aab75,3,450,220,1350,690
cf120b62-abb8-4d06-939a-3944f59be361,42bc8556-43e3-4b7d-917b-163b3b6574ef,3ddca969-7632-4571-9574-c0e317819367,2,80,30,160,100
5f1b6a42-a3e7-4445-8f72-e5ecce2ee377,42bc8556-43e3-4b7d-917b-163b3b6574ef,21848c5e-ea64-4f62-b45b-d77dd9149407,3,110,45,330,195
79a420ed-3c28-4eab-b6a2-171c985d612f,9dc44214-151f-441e-934f-d87718a07ccd,59980d93-a5e1-41bc-83fc-c66cf028fbec,3,90,40,270,150
163a07d0-4338-4efa-9fac-722135b13c0a,9dc44214-151f-441e-934f-d87718a07ccd,baf6ae6a-74ae-4ad1-98a7-4d1e077a17ee,3,130,60,390,210
e5a60d4f-872c-45d8-b2a8-b3633280ee2b,9dc44214-151f-441e-934f-d87718a07ccd,78b4247b-30ae-4dc8-8158-5bd2865aabaf,2,200,90,400,220
25caaef5-24a8-44e9-8b94-2f81b6ac2181,9dc44214-151f-441e-934f-d87718a07ccd,cbf3e345-fe59-463e-8740-a4aef117a187,1,1200,800,1200,400
a00b5e53-a94c-4d3c-94d7-b26177e91df8,2ea73265-b034-4deb-8641-a75bb88a8bf0,3ddca969-7632-4571-9574-c0e317819367,2,80,30,160,100
b168a2e1-e8ec-47fe-a889-6a15f0427195,2ea73265-b034-4deb-8641-a75bb88a8bf0,78b4247b-30ae-4dc8-8158-5bd2865aabaf,2,200,90,400,220
4321425c-f209-4d53-b7b7-81bbfed58bb9,2ea73265-b034-4deb-8641-a75bb88a8bf0,269d3622-1038-41fe-9e5d-315b9e7121b0,1,150,70,150,80
62f19b57-8429-4f94-b268-e8bba0b421eb,2c110f0d-3fe5-4654-bec2-6c344f7716dc,78b4247b-30ae-4dc8-8158-5bd2865aabaf,1,200,90,200,110
69b28c35-f14c-4a4b-b16a-836e4f3528e5,2c110f0d-3fe5-4654-bec2-6c344f7716dc,78b4247b-30ae-4dc8-8158-5bd2865aabaf,1,200,90,200,110
e8b956bb-8093-4257-aaf2-07844394be2a,2c110f0d-3fe5-4654-bec2-6c344f7716dc,78b4247b-30ae-4dc8-8158-5bd2865aabaf,3,200,90,600,330
5a67f825-5a8b-4dd5-a68d-5036955180eb,6a0c29aa-581c-4dc5-b3eb-1662175c5bcd,21848c5e-ea64-4f62-b45b-d77dd9149407,1,110,45,110,65
47e357ca-0913-49f3-950e-26693e6ee57a,6a0c29aa-581c-4dc5-b3eb-1662175c5bcd,3ddca969-7632-4571-9574-c0e317819367,1,80,30,80,50
34e62a3a-700d-42a0-ae91-3655001caa81,3f217f69-a644-4b1f-ab55-fdb54c517433,21848c5e-ea64-4f62-b45b-d77dd9149407,2,110,45,220,130
a37c52ef-5c7d-497c-aeae-e55d2458759e,3f217f69-a644-4b1f-ab55-fdb54c517433,59980d93-a5e1-41bc-83fc-c66cf028fbec,1,90,40,90,50
61af8c8a-13d8-4f42-a3b9-1d5a36faed66,c35e4731-090e-41ba-9c6a-b303ba3d89a3,269d3622-1038-41fe-9e5d-315b9e7121b0,2,150,70,300,160
d305ed48-fe6a-4b3c-abc5-1d90cd046ab5,c35e4731-090e-41ba-9c6a-b303ba3d89a3,baf6ae6a-74ae-4ad1-98a7-4d1e077a17ee,3,130,60,390,210
708bd22f-eb30-4db1-9b95-f60713391f03,ec837463-32ff-4640-9996-3e0af6413736,cbf3e345-fe59-463e-8740-a4aef117a187,2,1200,800,2400,800
945773ca-88f6-42f7-8815-0417ce59822b,ec837463-32ff-4640-9996-3e0af6413736,78b4247b-30ae-4dc8-8158-5bd2865aabaf,3,200,90,600,330
1d3be733-aaac-4cbb-87aa-207ddabce9cc,ec837463-32ff-4640-9996-3e0af6413736,fbac6d09-5299-43b5-90ae-7787fc248bc2,3,250,120,750,390
7a1497c5-dc4f-4d84-a8dc-f2ccd3a3aabd,5d33405b-3847-4e17-9364-a7dcc0565d5b,78b4247b-30ae-4dc8-8158-5bd2865aabaf,1,200,90,200,110
4613dc68-61e0-4735-b20c-744b9b769e26,5d33405b-3847-4e17-9364-a7dcc0565d5b,baf6ae6a-74ae-4ad1-98a7-4d1e077a17ee,2,130,60,260,140
fca8bc20-1b0b-467c-ae83-0d0c76a60c3a,5d33405b-3847-4e17-9364-a7dcc0565d5b,21848c5e-ea64-4f62-b45b-d77dd9149407,3,110,45,330,195
4373c309-56fb-4c20-bb8c-59a858058b91,5d33405b-3847-4e17-9364-a7dcc0565d5b,dadd129a-b601-45f4-94a5-9abff83aab75,1,450,220,450,230
e16d5b95-b9f0-4745-9bce-17a5953a82c9,27ea6c9e-abf8-47c0-90a0-1e06b50d60a6,269d3622-1038-41fe-9e5d-315b9e7121b0,2,150,70,300,160
3893162f-4944-463c-86a7-41471863ab20,27ea6c9e-abf8-47c0-90a0-1e06b50d60a6,21848c5e-ea64-4f62-b45b-d77dd9149407,3,110,45,330,195
be5b93ce-8839-4690-a7d1-d32b1bfe0645,2036e098-26d0-4873-ab1b-956e6bc389ae,78b4247b-30ae-4dc8-8158-5bd2865aabaf,1,200,90,200,110
8bf11234-2ef4-4271-8e23-9c113e62e3c3,2036e098-26d0-4873-ab1b-956e6bc389ae,269d3622-1038-41fe-9e5d-315b9e7121b0,1,150,70,150,80
e83d7b3c-f125-46bb-825d-eea31eaa259d,2036e098-26d0-4873-ab1b-956e6bc389ae,dadd129a-b601-45f4-94a5-9abff83aab75,1,450,220,450,230
11f9f4e1-6482-42ae-a49d-fbbb585b5683,2036e098-26d0-4873-ab1b-956e6bc389ae,fbac6d09-5299-43b5-90ae-7787fc248bc2,3,250,120,750,390
1a059d35-a37c-4a74-a7c7-9714fe705965,42c1be1b-3bd4-46bc-88b5-e690b6ae3669,21848c5e-ea64-4f62-b45b-d77dd9149407,2,110,45,220,130
f9611322-689b-476e-81ef-3c45a21ff219,42c1be1b-3bd4-46bc-88b5-e690b6ae3669,cbf3e345-fe59-463e-8740-a4aef117a187,3,1200,800,3600,1200
11c88091-96bd-4ba1-a418-7124fcd8bbed,42c1be1b-3bd4-46bc-88b5-e690b6ae3669,78b4247b-30ae-4dc8-8158-5bd2865aabaf,1,200,90,200,110
7f9981d3-1fb0-4dc1-b2c0-a1a4be0e0e51,70a498df-216a-401c-8ed4-a988ee764b79,fbac6d09-5299-43b5-90ae-7787fc248bc2,2,250,120,500,260
36ee7b38-9b60-4435-9a96-afa678dba884,70a498df-216a-401c-8ed4-a988ee764b79,3ddca969-7632-4571-9574-c0e317819367,3,80,30,240,150
ff7d10d0-fc1e-489f-a70e-e9a68c932479,dcb2f6bb-c0d0-4545-be38-ff1f120c764e,cbf3e345-fe59-463e-8740-a4aef117a187,1,1200,800,1200,400
c22657a7-4b8e-40bd-a35f-4ec04294ad87,dcb2f6bb-c0d0-4545-be38-ff1f120c764e,21848c5e-ea64-4f62-b45b-d77dd9149407,2,110,45,220,130
d3381f04-0195-45ed-b6e8-d32dd9c73339,dcb2f6bb-c0d0-4545-be38-ff1f120c764e,3ddca969-7632-4571-9574-c0e317819367,1,80,30,80,50
d82976d4-61b9-40f3-a2e2-25218983afa8,dcb2f6bb-c0d0-4545-be38-ff1f120c764e,269d3622-1038-41fe-9e5d-315b9e7121b0,3,150,70,450,240
6299e308-2395-4f65-83b6-7a6b5f03165e,a65f71b0-816b-407b-8112-919d1f02971a,cbf3e345-fe59-463e-8740-a4aef117a187,3,1200,800,3600,1200
3be99cb4-2a80-40a1-84ae-8f439765365b,a65f71b0-816b-407b-8112-919d1f02971a,78b4247b-30ae-4dc8-8158-5bd2865aabaf,2,200,90,400,220
848ac666-aaf7-4669-9db8-9392491b795b,03f4d721-9c58-4e54-8e19-46a70a331984,3ddca969-7632-4571-9574-c0e317819367,2,80,30,160,100
a0a617a1-3433-4106-8e56-f89ca5330221,dea27587-d8da-421a-8c9b-d41753f30fdc,59980d93-a5e1-41bc-83fc-c66cf028fbec,2,90,40,180,100
aa784468-53f2-4272-a41e-f4267e06ac0e,dea27587-d8da-421a-8c9b-d41753f30fdc,269d3622-1038-41fe-9e5d-315b9e7121b0,1,150,70,150,80
efe1c4ef-3417-4a38-803c-8ef46bc708e6,dea27587-d8da-421a-8c9b-d41753f30fdc,59980d93-a5e1-41bc-83fc-c66cf028fbec,3,90,40,270,150
50c83dd2-e09b-4f4b-acc7-de7076b9bb94,c4702411-a12e-4b0c-ba4b-b9569a71f5b1,dadd129a-b601-45f4-94a5-9abff83aab75,1,450,220,450,230
792d839d-9071-48f0-ac18-006ef2c842c0,c4702411-a12e-4b0c-ba4b-b9569a71f5b1,21848c5e-ea64-4f62-b45b-d77dd9149407,3,110,45,330,195
ae6c0c60-0ae0-466c-8407-aa480f5b39ba,c4702411-a12e-4b0c-ba4b-b9569a71f5b1,fbac6d09-5299-43b5-90ae-7787fc248bc2,1,250,120,250,130
e9591fbd-d5de-4308-b0ff-cf61833f1860,c4702411-a12e-4b0c-ba4b-b9569a71f5b1,269d3622-1038-41fe-9e5d-315b9e7121b0,2,150,70,300,160
1788eba9-af1e-4e08-b32e-f11c536e6519,14bb322c-a2f3-4ebd-b73b-b86439fec1e8,cbf3e345-fe59-463e-8740-a4aef117a187,3,1200,800,3600,1200
9e531716-6213-460b-b590-e2dfcbfa7daa,14bb322c-a2f3-4ebd-b73b-b86439fec1e8,baf6ae6a-74ae-4ad1-98a7-4d1e077a17ee,1,130,60,130,70
e0d6f19c-29e3-4fcd-bee0-5c552d8c016a,14bb322c-a2f3-4ebd-b73b-b86439fec1e8,baf6ae6a-74ae-4ad1-98a7-4d1e077a17ee,3,130,60,390,210
fdaadd50-5c84-49f7-b229-b7a42a167dae,14bb322c-a2f3-4ebd-b73b-b86439fec1e8,dadd129a-b601-45f4-94a5-9abff83aab75,2,450,220,900,460
030255db-9e47-4143-8dad-2d7f2f7f378a,9f105a46-90d8-4f13-b7c0-f2d7c2e07388,3ddca969-7632-4571-9574-c0e317819367,1,80,30,80,50
8c3c2170-e213-486f-9729-3973c23c1267,9f105a46-90d8-4f13-b7c0-f2d7c2e07388,dadd129a-b601-45f4-94a5-9abff83aab75,1,450,220,450,230
7c46c00e-6e2b-40ff-be34-f30036a88ca4,9f105a46-90d8-4f13-b7c0-f2d7c2e07388,cbf3e345-fe59-463e-8740-a4aef117a187,2,1200,800,2400,800
4c584e53-05aa-43c8-ab57-795963e6770b,492b469a-52a7-46d3-a7fe-82b1fc59f02c,59980d93-a5e1-41bc-83fc-c66cf028fbec,1,90,40,90,50
750ce553-80df-46f8-bc46-c9be0fef091a,492b469a-52a7-46d3-a7fe-82b1fc59f02c,78b4247b-30ae-4dc8-8158-5bd2865aabaf,1,200,90,200,110
1ae17706-3db5-42b1-9b88-17e22421963a,492b469a-52a7-46d3-a7fe-82b1fc59f02c,21848c5e-ea64-4f62-b45b-d77dd9149407,1,110,45,110,65
5ec60d11-3518-4bfb-a4d8-ed55daa6ee3e,492b469a-52a7-46d3-a7fe-82b1fc59f02c,cbf3e345-fe59-463e-8740-a4aef117a187,2,1200,800,2400,800
34f79559-91d0-47af-bc5e-4fd17dc4d9cf,946a1ea3-68f7-4776-9ec7-b80da0bf9acc,59980d93-a5e1-41bc-83fc-c66cf028fbec,2,90,40,180,100
f6d67569-5a89-4178-bbce-a155a6290a75,946a1ea3-68f7-4776-9ec7-b80da0bf9acc,cbf3e345-fe59-463e-8740-a4aef117a187,1,1200,800,1200,400
0406e736-3e4d-4cac-a8d9-13d7b1aaf0ac,b5b1bd36-e7a6-42dd-ab0c-27a4fe6999c3,fbac6d09-5299-43b5-90ae-7787fc248bc2,3,250,120,750,390
015ace05-357b-4e56-948f-cde6f0ef1157,b5b1bd36-e7a6-42dd-ab0c-27a4fe6999c3,269d3622-1038-41fe-9e5d-315b9e7121b0,2,150,70,300,160
997539e3-a925-4e0a-8193-9e98198d766b,b5b1bd36-e7a6-42dd-ab0c-27a4fe6999c3,baf6ae6a-74ae-4ad1-98a7-4d1e077a17ee,1,130,60,130,70
577e0efc-d724-403c-8f71-afa872227bd4,b5b1bd36-e7a6-42dd-ab0c-27a4fe6999c3,3ddca969-7632-4571-9574-c0e317819367,2,80,30,160,100
6e3f7d19-c99c-4647-b378-d1a1786434b0,a1a30843-2600-479c-aa9c-5e2099d6048e,baf6ae6a-74ae-4ad1-98a7-4d1e077a17ee,3,130,60,390,210
7d3eb0d2-d582-47d5-9c80-e77e1c8771ab,a1a30843-2600-479c-aa9c-5e2099d6048e,269d3622-1038-41fe-9e5d-315b9e7121b0,3,150,70,450,240
f128db8f-c08f-4945-9c04-76f15ca40cfb,a1a30843-2600-479c-aa9c-5e2099d6048e,cbf3e345-fe59-463e-8740-a4aef117a187,2,1200,800,2400,800
2aa8c211-efc2-4417-99ca-8efb0e72f093,a1a30843-2600-479c-aa9c-5e2099d6048e,59980d93-a5e1-41bc-83fc-c66cf028fbec,2,90,40,180,100
de6543b1-5e01-45fd-b6a7-eb249a092674,32dc8699-8887-496c-99a0-526df1c5963b,3ddca969-7632-4571-9574-c0e317819367,1,80,30,80,50
5e637f2b-4f80-4bef-aba5-96518ce3998e,32dc8699-8887-496c-99a0-526df1c5963b,fbac6d09-5299-43b5-90ae-7787fc248bc2,1,250,120,250,130
64fc1c8c-eaee-49a8-8087-4959a84f5989,32dc8699-8887-496c-99a0-526df1c5963b,78b4247b-30ae-4dc8-8158-5bd2865aabaf,2,200,90,400,220
b7089963-b53b-4f80-8796-c72fe59e16c9,de28c116-85da-4590-9967-c300a0606253,78b4247b-30ae-4dc8-8158-5bd2865aabaf,2,200,90,400,220
988d8c13-7c2e-4d7b-a853-5a192c361ae0,de28c116-85da-4590-9967-c300a0606253,269d3622-1038-41fe-9e5d-315b9e7121b0,3,150,70,450,240
aaf9ecdc-bd1d-4541-b716-5376735e6d59,de28c116-85da-4590-9967-c300a0606253,269d3622-1038-41fe-9e5d-315b9e7121b0,1,150,70,150,80
3c4d1fa6-c5e6-4ad7-9cc0-0d2349ace915,de28c116-85da-4590-9967-c300a0606253,fbac6d09-5299-43b5-90ae-7787fc248bc2,3,250,120,750,390
5690c21e-30ad-4294-b4cb-a5b873b54f44,67175c1a-98c6-4cb7-acf4-1ab7c951bb87,fbac6d09-5299-43b5-90ae-7787fc248bc2,3,250,120,750,390
98babf9d-6eb3-4f90-8cc4-f4252ca33704,40f2d645-927d-4490-803b-baac16d147b7,3ddca969-7632-4571-9574-c0e317819367,3,80,30,240,150
581fdc10-6f83-476e-ac69-737a2972ba0b,40f2d645-927d-4490-803b-baac16d147b7,3ddca969-7632-4571-9574-c0e317819367,3,80,30,240,150
9a55ed08-37f5-494e-8188-cbdc58b8bc3f,40f2d645-927d-4490-803b-baac16d147b7,baf6ae6a-74ae-4ad1-98a7-4d1e077a17ee,1,130,60,130,70
81b65358-da9e-4a0a-b9b9-462a4d8bd4de,12284d25-8049-4640-8a34-0bf2565e1cb6,3ddca969-7632-4571-9574-c0e317819367,1,80,30,80,50
b47e60f7-2539-4be3-ab79-5f9dea23971b,12284d25-8049-4640-8a34-0bf2565e1cb6,269d3622-1038-41fe-9e5d-315b9e7121b0,2,150,70,300,160
78b7c177-f4e0-4a07-9fb9-bdaedc4a8a22,8a1c7429-4e2e-4b6d-9dc9-681399cba9a6,269d3622-1038-41fe-9e5d-315b9e7121b0,3,150,70,450,240
d73971f6-1b53-4ebc-b2d6-eb6cf730eccc,98ae57c4-2be8-4030-99a8-e169e6e0675a,cbf3e345-fe59-463e-8740-a4aef117a187,1,1200,800,1200,400
6acc77a6-498d-411d-a86d-8ee578671db6,0d816a4a-6386-47e3-89a5-2bc1bf40686b,baf6ae6a-74ae-4ad1-98a7-4d1e077a17ee,2,130,60,260,140
7514466d-0836-4ecc-a479-807866dfa399,f153ca35-4acf-4cf4-aba1-2759dbcaaeb4,dadd129a-b601-45f4-94a5-9abff83aab75,2,450,220,900,460
494dd1e1-61e9-4b44-bc06-8841097fbf42,1277e332-6e9a-4e7e-aaf6-5c2c0b508ced,269d3622-1038-41fe-9e5d-315b9e7121b0,3,150,70,450,240
408b11ff-993d-457a-9de0-65a08bc3194e,1277e332-6e9a-4e7e-aaf6-5c2c0b508ced,dadd129a-b601-45f4-94a5-9abff83aab75,2,450,220,900,460
7bc9bc45-5487-4a1f-889e-dfad4c3bd2e5,1277e332-6e9a-4e7e-aaf6-5c2c0b508ced,78b4247b-30ae-4dc8-8158-5bd2865aabaf,2,200,90,400,220
b0d26915-bc16-4c7a-94fe-649a129b1ac2,523cb5ef-0957-4d32-a385-73dcb23fe594,269d3622-1038-41fe-9e5d-315b9e7121b0,2,150,70,300,160
4d5729e8-e212-418f-aea9-dff4a5e1f206,5fce647c-3188-4435-a74e-23c143f967ae,baf6ae6a-74ae-4ad1-98a7-4d1e077a17ee,2,130,60,260,140
e4d58d6d-8ccc-435b-88d2-03d32c34d428,5fce647c-3188-4435-a74e-23c143f967ae,269d3622-1038-41fe-9e5d-315b9e7121b0,2,150,70,300,160
e26a00d9-df01-49b9-854b-1579f03ae5ed,5fce647c-3188-4435-a74e-23c143f967ae,fbac6d09-5299-43b5-90ae-7787fc248bc2,1,250,120,250,130
76f29d1c-b7ec-4dae-9503-e600c1d3c368,5fce647c-3188-4435-a74e-23c143f967ae,dadd129a-b601-45f4-94a5-9abff83aab75,1,450,220,450,230
2c5a6bc8-f9c9-4a41-a104-8fc1c0c47c63,fa0b21c2-f7cf-4ce9-be10-782ce3c1de62,21848c5e-ea64-4f62-b45b-d77dd9149407,1,110,45,110,65
4b4edfb1-27e3-43aa-9a36-2544b19f1c3b,fa0b21c2-f7cf-4ce9-be10-782ce3c1de62,78b4247b-30ae-4dc8-8158-5bd2865aabaf,2,200,90,400,220
970366d3-b64f-4de4-bf3c-6b4b4fd2928c,fa0b21c2-f7cf-4ce9-be10-782ce3c1de62,baf6ae6a-74ae-4ad1-98a7-4d1e077a17ee,3,130,60,390,210
567fe2bd-f084-4994-8694-74130b9d22f0,fa0b21c2-f7cf-4ce9-be10-782ce3c1de62,78b4247b-30ae-4dc8-8158-5bd2865aabaf,2,200,90,400,220
3026a03c-fb04-4a9c-9997-dd609cb47e42,8d01b819-c8eb-4606-b1bf-07e630c77e95,59980d93-a5e1-41bc-83fc-c66cf028fbec,1,90,40,90,50
34d7b68e-e83c-4cdd-aa36-c8a7892d8807,8d01b819-c8eb-4606-b1bf-07e630c77e95,21848c5e-ea64-4f62-b45b-d77dd9149407,3,110,45,330,195
dd1c5b26-2895-4d21-80d5-3a730c144b3b,8d01b819-c8eb-4606-b1bf-07e630c77e95,21848c5e-ea64-4f62-b45b-d77dd9149407,1,110,45,110,65
914390f8-eb82-47e3-9a77-b32dc90ce481,b9f8afe9-dc62-4e2a-a074-b2a1400c65cb,21848c5e-ea64-4f62-b45b-d77dd9149407,1,110,45,110,65
cae1982c-76d7-4d3b-9f9d-34aa99f4ffa0,b9f8afe9-dc62-4e2a-a074-b2a1400c65cb,78b4247b-30ae-4dc8-8158-5bd2865aabaf,1,200,90,200,110
3b3fac3f-2cc1-4091-9b78-c74e7fa95be4,b9f8afe9-dc62-4e2a-a074-b2a1400c65cb,269d3622-1038-41fe-9e5d-315b9e7121b0,1,150,70,150,80
1d93eb41-6a42-4c06-95ae-b4095bf3fe38,b9f8afe9-dc62-4e2a-a074-b2a1400c65cb,fbac6d09-5299-43b5-90ae-7787fc248bc2,3,250,120,750,390
b1fa1004-3dcc-466a-9834-6f284dafb7e8,ecb436e2-6538-41b9-aed7-80b7d1849ee8,dadd129a-b601-45f4-94a5-9abff83aab75,1,450,220,450,230
ca60d3a4-db95-48ec-adaf-934f440a83b3,ecb436e2-6538-41b9-aed7-80b7d1849ee8,78b4247b-30ae-4dc8-8158-5bd2865aabaf,2,200,90,400,220
552ba3c7-cde1-4406-948e-4b7f73fc3dd3,b22eba52-857c-49ed-bb01-d4466e9b495b,cbf3e345-fe59-463e-8740-a4aef117a187,2,1200,800,2400,800
de81852d-b0c5-40c1-a82c-2981310968da,3f3fe998-0309-400c-8244-4b76e1a68583,269d3622-1038-41fe-9e5d-315b9e7121b0,3,150,70,450,240
bf0115aa-a08e-4ae4-af5e-e188b42a18ae,3f3fe998-0309-400c-8244-4b76e1a68583,fbac6d09-5299-43b5-90ae-7787fc248bc2,2,250,120,500,260
9e026e17-d6b4-48eb-8bd7-1fa4e2a9054e,3f3fe998-0309-400c-8244-4b76e1a68583,fbac6d09-5299-43b5-90ae-7787fc248bc2,2,250,120,500,260
68030a05-ba5b-4b6f-941e-8aca4d149ff3,3f3fe998-0309-400c-8244-4b76e1a68583,dadd129a-b601-45f4-94a5-9abff83aab75,1,450,220,450,230
4df79bfb-eabd-41c7-b9a1-a43f1ab9a617,41524843-f0b3-4e33-b621-2856b7dadb13,baf6ae6a-74ae-4ad1-98a7-4d1e077a17ee,2,130,60,260,140
5a680458-5725-4750-a013-0e3ca38e5cc7,41524843-f0b3-4e33-b621-2856b7dadb13,cbf3e345-fe59-463e-8740-a4aef117a187,3,1200,800,3600,1200
0d540ef4-e9a1-4172-a54d-f4c987e66b35,a9ccc528-bda4-48a2-81d9-e886f81af10a,78b4247b-30ae-4dc8-8158-5bd2865aabaf,2,200,90,400,220
cb406480-7289-4fd1-bed1-db3809d56b27,ae71e56f-56fa-4c1f-ae0a-3de493ee8aab,baf6ae6a-74ae-4ad1-98a7-4d1e077a17ee,1,130,60,130,70
3f632e17-fcc8-41df-9a36-f73dc0606d7e,ae71e56f-56fa-4c1f-ae0a-3de493ee8aab,78b4247b-30ae-4dc8-8158-5bd2865aabaf,1,200,90,200,110
e5e66695-f99b-48a4-a88f-471cd2d11005,ae71e56f-56fa-4c1f-ae0a-3de493ee8aab,269d3622-1038-41fe-9e5d-315b9e7121b0,2,150,70,300,160
6d56bfc0-b065-4a7b-bb4f-77afe7943508,ae71e56f-56fa-4c1f-ae0a-3de493ee8aab,78b4247b-30ae-4dc8-8158-5bd2865aabaf,3,200,90,600,330
bc4b4c43-2269-499a-b0da-9cd7f3d8d872,6a61c530-9c48-4efd-bbd4-30528de93c81,baf6ae6a-74ae-4ad1-98a7-4d1e077a17ee,3,130,60,390,210
f3a9a930-8b62-40a7-869d-52139043fe30,6a61c530-9c48-4efd-bbd4-30528de93c81,fbac6d09-5299-43b5-90ae-7787fc248bc2,2,250,120,500,260
3774f333-786f-4380-a94a-8323f93f5406,dc376a4f-d5f3-4d6f-a62a-f78f2a58166d,baf6ae6a-74ae-4ad1-98a7-4d1e077a17ee,3,130,60,390,210
faa95969-4193-4602-a8c4-18e6cbebdd05,dc376a4f-d5f3-4d6f-a62a-f78f2a58166d,fbac6d09-5299-43b5-90ae-7787fc248bc2,3,250,120,750,390
26069cd5-9772-49e4-af0e-fcd0d9e1d593,358b3fa9-a17e-4a94-aeb9-f80e68830336,21848c5e-ea64-4f62-b45b-d77dd9149407,1,110,45,110,65
61ebcf6c-d5b8-4b21-9d9c-a7e386d54016,358b3fa9-a17e-4a94-aeb9-f80e68830336,59980d93-a5e1-41bc-83fc-c66cf028fbec,3,90,40,270,150
2df18af2-d7db-4a84-9130-9b590181d644,358b3fa9-a17e-4a94-aeb9-f80e68830336,fbac6d09-5299-43b5-90ae-7787fc248bc2,2,250,120,500,260
a2e41c1a-5b53-4dd2-98d1-2a2d41f186ca,2a4024c3-7b2b-4ef8-969d-3d5551448fed,baf6ae6a-74ae-4ad1-98a7-4d1e077a17ee,2,130,60,260,140
d8d283bd-85ab-428e-a7a7-253fa883c973,42e04c6d-2bd1-4f1d-8bfd-5b5c95796185,78b4247b-30ae-4dc8-8158-5bd2865aabaf,1,200,90,200,110
ca5b55d9-9d38-4a9a-9bf7-42e618975c9e,42e04c6d-2bd1-4f1d-8bfd-5b5c95796185,fbac6d09-5299-43b5-90ae-7787fc248bc2,3,250,120,750,390
deab233e-44bb-4b3d-8a04-577daa30cead,42e04c6d-2bd1-4f1d-8bfd-5b5c95796185,dadd129a-b601-45f4-94a5-9abff83aab75,3,450,220,1350,690
2c0eaac8-5a97-4301-aa74-1fbbca680292,bc8ffe4f-4f3b-40f8-bab7-af367657daf8,59980d93-a5e1-41bc-83fc-c66cf028fbec,1,90,40,90,50
7d740955-474b-4052-ae3b-5a582090f633,bc8ffe4f-4f3b-40f8-bab7-af367657daf8,21848c5e-ea64-4f62-b45b-d77dd9149407,2,110,45,220,130
13119949-bed9-43bb-8dee-c7b69d407d56,bc8ffe4f-4f3b-40f8-bab7-af367657daf8,21848c5e-ea64-4f62-b45b-d77dd9149407,3,110,45,330,195
d98b1900-9fe0-4744-a45e-3a1d057d19fd,bc8ffe4f-4f3b-40f8-bab7-af367657daf8,269d3622-1038-41fe-9e5d-315b9e7121b0,3,150,70,450,240
5a499ddb-4e6a-4e9f-8151-73873bbe76d5,9213daab-d0a5-4cb8-82dd-a2e407c6b000,78b4247b-30ae-4dc8-8158-5bd2865aabaf,1,200,90,200,110
38044c2a-ce49-462e-8e8e-9c680b4cbb67,9213daab-d0a5-4cb8-82dd-a2e407c6b000,21848c5e-ea64-4f62-b45b-d77dd9149407,2,110,45,220,130
c4da833f-810d-4f74-85e1-5d0670b7b0bb,9213daab-d0a5-4cb8-82dd-a2e407c6b000,fbac6d09-5299-43b5-90ae-7787fc248bc2,2,250,120,500,260
0e4421d1-91fc-4fa3-9593-c06f50a122ea,15ffa239-b3fd-4d90-90cd-d55817928513,269d3622-1038-41fe-9e5d-315b9e7121b0,3,150,70,450,240
74904e3f-c68a-4e2e-bf4d-0a4c7d7ee5b1,15ffa239-b3fd-4d90-90cd-d55817928513,baf6ae6a-74ae-4ad1-98a7-4d1e077a17ee,1,130,60,130,70
dc69e4a4-aa69-4002-8807-c975644609c2,171d889e-9d18-455b-87f3-82a4f3e093db,fbac6d09-5299-43b5-90ae-7787fc248bc2,3,250,120,750,390
7a97d31b-2a78-4209-a7aa-257e6d326728,10a5750e-829f-42dc-98e4-982ed635866c,3ddca969-7632-4571-9574-c0e317819367,2,80,30,160,100
c14faeb0-4856-414f-8255-7bb9c3720ed1,10a5750e-829f-42dc-98e4-982ed635866c,3ddca969-7632-4571-9574-c0e317819367,2,80,30,160,100
fefe313b-4b05-4936-9699-45786bad4b58,10a5750e-829f-42dc-98e4-982ed635866c,cbf3e345-fe59-463e-8740-a4aef117a187,3,1200,800,3600,1200
12d47cf0-db46-4f20-a272-9497609eb508,10a5750e-829f-42dc-98e4-982ed635866c,78b4247b-30ae-4dc8-8158-5bd2865aabaf,1,200,90,200,110
40fc6e1f-f833-47a0-b8a7-5f7207371883,aa8c4f43-58d3-4cd1-bcdd-7e0c860fe4f1,fbac6d09-5299-43b5-90ae-7787fc248bc2,1,250,120,250,130
2f45aed7-8216-40c1-99b8-959465f63d7a,dc53ca3c-2f5f-4ed0-9250-c3cf7040abac,21848c5e-ea64-4f62-b45b-d77dd9149407,2,110,45,220,130
4fc281e9-f967-4cd0-ad52-3ffddce9a8eb,dc53ca3c-2f5f-4ed0-9250-c3cf7040abac,dadd129a-b601-45f4-94a5-9abff83aab75,1,450,220,450,230
b953ddb9-fe16-456d-9424-144338efbe45,dc53ca3c-2f5f-4ed0-9250-c3cf7040abac,dadd129a-b601-45f4-94a5-9abff83aab75,3,450,220,1350,690
c7addb51-9ffb-4b51-858c-70ad1e7db7b2,dc53ca3c-2f5f-4ed0-9250-c3cf7040abac,3ddca969-7632-4571-9574-c0e317819367,2,80,30,160,100
a7e77f7d-6a5e-4523-9f82-330eb6dc68d5,4fbbffd4-8296-4fcf-8325-adf48c9370e4,78b4247b-30ae-4dc8-8158-5bd2865aabaf,2,200,90,400,220
98984b2c-580f-4d40-9aa8-ba3c6ed414cf,bb54d126-1c97-4478-8d67-83f4905de238,baf6ae6a-74ae-4ad1-98a7-4d1e077a17ee,3,130,60,390,210
c3ff160a-1c39-43e0-a482-b280fe14c876,1ca17c26-7e92-4103-8ae9-0878d1f0a7c4,baf6ae6a-74ae-4ad1-98a7-4d1e077a17ee,2,130,60,260,140
08e5a2b2-5b1f-4847-b00b-f38bb5d29c17,1ca17c26-7e92-4103-8ae9-0878d1f0a7c4,cbf3e345-fe59-463e-8740-a4aef117a187,2,1200,800,2400,800
e0f0a276-7107-4216-acc5-175461e829f8,1ca17c26-7e92-4103-8ae9-0878d1f0a7c4,cbf3e345-fe59-463e-8740-a4aef117a187,1,1200,800,1200,400
393ec069-e5e7-4990-81b9-bf4c091ba2dd,b1158440-89f8-4671-bb7b-24359a120154,21848c5e-ea64-4f62-b45b-d77dd9149407,2,110,45,220,130
3aca0356-01e8-441e-973a-ca7df04dda9f,b1158440-89f8-4671-bb7b-24359a120154,3ddca969-7632-4571-9574-c0e317819367,3,80,30,240,150
0d5c020f-1c26-4768-979b-c1b0ee1e717b,b1158440-89f8-4671-bb7b-24359a120154,59980d93-a5e1-41bc-83fc-c66cf028fbec,3,90,40,270,150
b218ff2e-14fc-41a8-94bd-eea05900df2d,2650eacf-e7a0-4052-b7a7-a4f35608becf,78b4247b-30ae-4dc8-8158-5bd2865aabaf,3,200,90,600,330
3a11c27d-7b63-4d46-a5b6-e073ffa3f597,2650eacf-e7a0-4052-b7a7-a4f35608becf,21848c5e-ea64-4f62-b45b-d77dd9149407,3,110,45,330,195
